0.099757,0.170654,-0.008540,0.054041,-0.029541,-0.192195
0.097402,0.166626,-0.008343,0.052626,-0.028850,-0.187676
0.094743,0.162080,-0.008122,0.051074,-0.028071,-0.182576
0.091796,0.157042,-0.007877,0.049376,-0.027208,-0.176922
0.088577,0.151540,-0.007610,0.047537,-0.026266,-0.170746
0.085104,0.145605,-0.007322,0.045561,-0.025249,-0.164078
0.081394,0.139265,-0.007015,0.043455,-0.024163,-0.156953
0.077465,0.132554,-0.006691,0.041226,-0.023014,-0.149404
0.073336,0.125501,-0.006350,0.038881,-0.021805,-0.141467
0.069025,0.118141,-0.005994,0.036423,-0.020544,-0.133180
0.064552,0.110506,-0.005625,0.033857,-0.019234,-0.124582
0.059937,0.102629,-0.005244,0.031181,-0.017882,-0.115718
0.055198,0.094544,-0.004853,0.028387,-0.016493,-0.106637
0.050355,0.086285,-0.004453,0.025457,-0.015070,-0.097398
0.045429,0.077885,-0.004045,0.022430,-0.013617,-0.088046
0.040979,0.069376,-0.003651,0.019617,-0.012815,-0.079578
0.036446,0.060793,-0.003247,0.016874,-0.012012,-0.071717
0.031860,0.052168,-0.002835,0.014136,-0.011201,-0.064131
0.027234,0.043534,-0.002417,0.011416,-0.010380,-0.056791
0.022583,0.034921,-0.001994,0.008726,-0.009549,-0.049693
0.017922,0.026362,-0.001569,0.006080,-0.008708,-0.042826
0.013264,0.017886,-0.001143,0.003491,-0.007857,-0.036184
0.008623,0.009523,-0.000718,0.000968,-0.006994,-0.029756
0.004014,0.001299,-0.000296,-0.001477,-0.006120,-0.023533
-0.000549,-0.006757,0.000122,-0.003836,-0.005235,-0.017507
-0.005052,-0.014619,0.000534,-0.006102,-0.004339,-0.011666
-0.009481,-0.022264,0.000937,-0.008267,-0.003433,-0.006000
-0.013822,-0.029667,0.001331,-0.010326,-0.002518,-0.000499
-0.018061,-0.036806,0.001713,-0.012274,-0.001593,0.004848
-0.022185,-0.043662,0.002082,-0.014108,-0.000662,0.010052
-0.026180,-0.050213,0.002437,-0.015825,0.000276,0.015123
-0.030034,-0.056444,0.002776,-0.017424,0.001219,0.020074
-0.033734,-0.062337,0.003098,-0.018903,0.002165,0.024915
-0.037267,-0.067877,0.003401,-0.020264,0.003113,0.029658
-0.040621,-0.073053,0.003686,-0.021506,0.004059,0.034314
-0.043786,-0.077852,0.003950,-0.022631,0.005001,0.038894
-0.046751,-0.082263,0.004194,-0.023642,0.005938,0.043411
-0.049504,-0.086280,0.004417,-0.024541,0.006866,0.047876
-0.052038,-0.089894,0.004619,-0.025332,0.007782,0.052301
-0.054343,-0.093102,0.004798,-0.026017,0.008684,0.056696
-0.056411,-0.095898,0.004956,-0.026600,0.009568,0.061074
-0.058235,-0.098282,0.005093,-0.027087,0.010431,0.065445
-0.059809,-0.100252,0.005207,-0.027480,0.011270,0.069821
-0.061128,-0.101809,0.005300,-0.027785,0.012082,0.074211
-0.062187,-0.102957,0.005373,-0.028006,0.012864,0.078628
-0.062984,-0.103698,0.005424,-0.028147,0.013613,0.083080
-0.063516,-0.104039,0.005456,-0.028213,0.014325,0.087577
-0.063783,-0.103985,0.005468,-0.028207,0.014998,0.092127
-0.063824,-0.103545,0.005459,-0.028113,0.015631,0.096379
-0.063634,-0.102727,0.005429,-0.027927,0.016196,0.100199
-0.063219,-0.101543,0.005380,-0.027649,0.016695,0.103581
-0.062585,-0.100003,0.005312,-0.027284,0.017126,0.106523
-0.061738,-0.098120,0.005225,-0.026833,0.017488,0.109022
-0.060686,-0.095908,0.005121,-0.026302,0.017783,0.111078
-0.059436,-0.093380,0.005000,-0.025692,0.018011,0.112692
-0.057997,-0.090553,0.004862,-0.025009,0.018171,0.113868
-0.056378,-0.087441,0.004709,-0.024255,0.018266,0.114611
-0.054589,-0.084063,0.004542,-0.023434,0.018296,0.114925
-0.052638,-0.080435,0.004361,-0.022552,0.018262,0.114819
-0.050537,-0.076574,0.004169,-0.021611,0.018166,0.114302
-0.048296,-0.072501,0.003965,-0.020617,0.018009,0.113382
-0.045926,-0.068232,0.003750,-0.019575,0.017793,0.112073
-0.043437,-0.063788,0.003527,-0.018489,0.017520,0.110384
-0.040842,-0.059188,0.003296,-0.017369,0.017192,0.108329
-0.038152,-0.054451,0.003059,-0.016228,0.016812,0.105916
-0.035378,-0.049597,0.002815,-0.015092,0.016380,0.103148
-0.032533,-0.044646,0.002567,-0.013993,0.015898,0.100029
-0.029627,-0.039617,0.002316,-0.012924,0.015369,0.096585
-0.026672,-0.034530,0.002063,-0.011845,0.014794,0.092865
-0.023680,-0.029405,0.001809,-0.010733,0.014177,0.088902
-0.020663,-0.024259,0.001554,-0.009591,0.013522,0.084717
-0.017632,-0.019113,0.001301,-0.008425,0.012832,0.080326
-0.014598,-0.013984,0.001050,-0.007243,0.012110,0.075746
-0.011571,-0.008891,0.000801,-0.006051,0.011360,0.070996
-0.008564,-0.003851,0.000557,-0.004855,0.010585,0.066094
-0.005586,0.001119,0.000318,-0.003660,0.009789,0.061058
-0.002647,0.006002,0.000085,-0.002470,0.008975,0.055910
0.000243,0.010784,-0.000142,-0.001291,0.008147,0.050667
0.003074,0.015447,-0.000361,-0.000126,0.007307,0.045351
0.005837,0.019980,-0.000573,0.001022,0.006459,0.039980
0.008524,0.024366,-0.000775,0.002147,0.005606,0.034574
0.011128,0.028595,-0.000969,0.003248,0.004752,0.029152
0.013639,0.032653,-0.001152,0.004320,0.003899,0.023734
0.016050,0.036531,-0.001326,0.005360,0.003051,0.018339
0.018356,0.040216,-0.001489,0.006366,0.002211,0.012984
0.020550,0.043701,-0.001640,0.007334,0.001381,0.007689
0.022627,0.046976,-0.001781,0.008262,0.000564,0.002470
0.024580,0.050035,-0.001910,0.009147,-0.000236,-0.002654
0.026406,0.052870,-0.002027,0.009988,-0.001018,-0.007668
0.028101,0.055475,-0.002132,0.010781,-0.001780,-0.012556
0.029660,0.057847,-0.002226,0.011525,-0.002517,-0.017302
0.031082,0.059981,-0.002308,0.012219,-0.003230,-0.021891
0.032364,0.061874,-0.002379,0.012861,-0.003914,-0.026311
0.033503,0.063524,-0.002437,0.013449,-0.004570,-0.030548
0.034500,0.064931,-0.002485,0.013983,-0.005194,-0.034590
0.035352,0.066094,-0.002521,0.014461,-0.005786,-0.038426
0.036060,0.067013,-0.002546,0.014883,-0.006343,-0.042047
0.036624,0.067691,-0.002561,0.015249,-0.006865,-0.045444
0.037045,0.068130,-0.002565,0.015558,-0.007350,-0.048608
0.037324,0.068333,-0.002559,0.015811,-0.007798,-0.051533
0.037464,0.068304,-0.002544,0.016006,-0.008207,-0.054213
0.037465,0.068048,-0.002520,0.016145,-0.008577,-0.056643
0.037332,0.067571,-0.002487,0.016228,-0.008908,-0.058819
0.037067,0.066877,-0.002446,0.016255,-0.009198,-0.060739
0.036674,0.065975,-0.002397,0.016228,-0.009449,-0.062401
0.036157,0.064872,-0.002341,0.016146,-0.009660,-0.063805
0.035520,0.063576,-0.002279,0.016012,-0.009830,-0.064950
0.034767,0.062095,-0.002210,0.015826,-0.009961,-0.065838
0.033905,0.060438,-0.002136,0.015590,-0.010052,-0.066470
0.032937,0.058614,-0.002057,0.015304,-0.010104,-0.066851
0.031871,0.056635,-0.001974,0.014971,-0.010118,-0.066983
0.030710,0.054509,-0.001886,0.014592,-0.010095,-0.066872
0.029463,0.052248,-0.001795,0.014168,-0.010035,-0.066522
0.028134,0.049862,-0.001702,0.013703,-0.009939,-0.065940
0.026730,0.047363,-0.001606,0.013196,-0.009808,-0.065133
0.025258,0.044761,-0.001508,0.012651,-0.009644,-0.064109
0.023724,0.042068,-0.001409,0.012070,-0.009448,-0.062874
0.022135,0.039296,-0.001310,0.011455,-0.009221,-0.061439
0.020499,0.036455,-0.001210,0.010808,-0.008965,-0.059812
0.018821,0.033559,-0.001110,0.010132,-0.008681,-0.058004
0.017109,0.030617,-0.001010,0.009429,-0.008371,-0.056023
0.015369,0.027642,-0.000912,0.008703,-0.008037,-0.053882
0.013609,0.024645,-0.000815,0.007955,-0.007679,-0.051590
0.011835,0.021636,-0.000720,0.007188,-0.007301,-0.049160
0.010053,0.018628,-0.000627,0.006406,-0.006903,-0.046603
0.008271,0.015631,-0.000537,0.005611,-0.006488,-0.043930
0.006495,0.012656,-0.000449,0.004806,-0.006057,-0.041154
0.004731,0.009712,-0.000364,0.003995,-0.005613,-0.038286
0.002984,0.006809,-0.000282,0.003179,-0.005156,-0.035340
0.001262,0.003958,-0.000204,0.002363,-0.004690,-0.032326
-0.000430,0.001167,-0.000129,0.001548,-0.004216,-0.029258
-0.002087,-0.001555,-0.000059,0.000739,-0.003735,-0.026147
-0.003704,-0.004200,0.000008,-0.000064,-0.003251,-0.023006
-0.005275,-0.006759,0.000071,-0.000856,-0.002763,-0.019846
-0.006796,-0.009226,0.000130,-0.001635,-0.002276,-0.016680
-0.008262,-0.011592,0.000184,-0.002399,-0.001789,-0.013518
-0.009669,-0.013853,0.000234,-0.003145,-0.001305,-0.010372
-0.011013,-0.016001,0.000280,-0.003871,-0.000825,-0.007253
-0.012291,-0.018032,0.000322,-0.004574,-0.000352,-0.004172
-0.013499,-0.019940,0.000359,-0.005253,0.000113,-0.001138
-0.014634,-0.021722,0.000392,-0.005905,0.000569,0.001837
-0.015694,-0.023373,0.000421,-0.006530,0.001014,0.004745
-0.016676,-0.024890,0.000446,-0.007124,0.001448,0.007576
-0.017579,-0.026270,0.000468,-0.007686,0.001867,0.010322
-0.018401,-0.027512,0.000485,-0.008215,0.002272,0.012975
-0.019139,-0.028614,0.000499,-0.008710,0.002661,0.015527
-0.019795,-0.029574,0.000509,-0.009169,0.003032,0.017971
-0.020366,-0.030392,0.000516,-0.009592,0.003386,0.020300
-0.020852,-0.031068,0.000520,-0.009978,0.003721,0.022508
-0.021253,-0.031603,0.000521,-0.010326,0.004036,0.024590
-0.021570,-0.031998,0.000520,-0.010635,0.004330,0.026541
-0.021803,-0.032253,0.000516,-0.010905,0.004603,0.028356
-0.021953,-0.032372,0.000509,-0.011136,0.004854,0.030032
-0.022021,-0.032356,0.000501,-0.011328,0.005083,0.031566
-0.022009,-0.032208,0.000491,-0.011481,0.005289,0.032955
-0.021917,-0.031932,0.000479,-0.011596,0.005472,0.034196
-0.021748,-0.031531,0.000466,-0.011672,0.005631,0.035290
-0.021504,-0.031009,0.000452,-0.011711,0.005768,0.036234
-0.021188,-0.030371,0.000437,-0.011714,0.005881,0.037028
-0.020802,-0.029622,0.000421,-0.011681,0.005970,0.037674
-0.020349,-0.028765,0.000405,-0.011615,0.006037,0.038172
-0.019831,-0.027808,0.000388,-0.011518,0.006080,0.038523
-0.019253,-0.026755,0.000372,-0.011391,0.006101,0.038731
-0.018616,-0.025612,0.000356,-0.011240,0.006100,0.038797
-0.017926,-0.024386,0.000340,-0.011067,0.006076,0.038727
-0.017184,-0.023081,0.000325,-0.010878,0.006032,0.038524
-0.016396,-0.021706,0.000310,-0.010674,0.005967,0.038194
-0.015564,-0.020266,0.000297,-0.010439,0.005883,0.037738
-0.014693,-0.018768,0.000284,-0.010121,0.005780,0.037147
-0.013787,-0.017218,0.000272,-0.009713,0.005660,0.036421
-0.012849,-0.015624,0.000262,-0.009264,0.005523,0.035576
-0.011883,-0.013991,0.000254,-0.008789,0.005369,0.034621
-0.010894,-0.012328,0.000246,-0.008290,0.005199,0.033562
-0.009872,-0.010640,0.000243,-0.007770,0.005001,0.032410
-0.008785,-0.008935,0.000251,-0.007234,0.004744,0.031188
-0.007641,-0.007218,0.000269,-0.006684,0.004433,0.029899
-0.006450,-0.005497,0.000297,-0.006123,0.004073,0.028548
-0.005221,-0.003778,0.000334,-0.005551,0.003671,0.027140
-0.003962,-0.002067,0.000379,-0.004970,0.003231,0.025679
-0.002684,-0.000370,0.000431,-0.004383,0.002761,0.024169
-0.001420,0.001306,0.000485,-0.003793,0.002270,0.022625
-0.000177,0.002957,0.000538,-0.003202,0.001765,0.021051
0.001039,0.004575,0.000592,-0.002612,0.001250,0.019451
0.002225,0.006157,0.000645,-0.002022,0.000730,0.017828
0.003378,0.007696,0.000698,-0.001437,0.000211,0.016184
0.004493,0.009189,0.000749,-0.000855,-0.000305,0.014523
0.005568,0.010630,0.000800,-0.000279,-0.000812,0.012848
0.006599,0.012015,0.000850,0.000289,-0.001305,0.011162
0.007583,0.013340,0.000898,0.000850,-0.001780,0.009468
0.008519,0.014601,0.000944,0.001401,-0.002234,0.007769
0.009403,0.015796,0.000988,0.001943,-0.002662,0.006068
0.010234,0.016920,0.001030,0.002472,-0.003060,0.004368
0.011009,0.017972,0.001070,0.002990,-0.003425,0.002671
0.011726,0.018948,0.001106,0.003495,-0.003752,0.000981
0.012383,0.019846,0.001140,0.003986,-0.004039,-0.000700
0.012971,0.020665,0.001168,0.004461,-0.004280,-0.002365
0.013464,0.021403,0.001185,0.004919,-0.004469,-0.004002
0.013859,0.022059,0.001189,0.005358,-0.004601,-0.005608
0.014153,0.022632,0.001180,0.005776,-0.004674,-0.007179
0.014343,0.023121,0.001157,0.006174,-0.004685,-0.008712
0.014428,0.023527,0.001119,0.006551,-0.004633,-0.010203
0.014456,0.023849,0.001077,0.006901,-0.004562,-0.011628
0.014432,0.024087,0.001031,0.007222,-0.004476,-0.012982
0.014356,0.024243,0.000983,0.007515,-0.004376,-0.014261
0.014231,0.024316,0.000932,0.007777,-0.004261,-0.015462
0.014056,0.024309,0.000879,0.008009,-0.004134,-0.016583
0.013835,0.024223,0.000822,0.008210,-0.003993,-0.017621
0.013569,0.024060,0.000763,0.008380,-0.003841,-0.018575
0.013259,0.023821,0.000702,0.008519,-0.003679,-0.019442
0.012908,0.023508,0.000639,0.008626,-0.003505,-0.020221
0.012518,0.023125,0.000574,0.008702,-0.003323,-0.020912
0.012091,0.022673,0.000506,0.008747,-0.003132,-0.021513
0.011628,0.022156,0.000437,0.008760,-0.002934,-0.022025
0.011134,0.021577,0.000367,0.008742,-0.002728,-0.022448
0.010609,0.020938,0.000295,0.008695,-0.002517,-0.022781
0.010057,0.020243,0.000222,0.008617,-0.002301,-0.023025
0.009481,0.019496,0.000148,0.008510,-0.002080,-0.023182
0.008881,0.018700,0.000073,0.008375,-0.001857,-0.023253
0.008262,0.017858,-0.000002,0.008211,-0.001631,-0.023239
0.007626,0.016975,-0.000077,0.008022,-0.001403,-0.023143
0.006975,0.016054,-0.000153,0.007806,-0.001175,-0.022965
0.006313,0.015099,-0.000228,0.007566,-0.000947,-0.022709
0.005641,0.014114,-0.000303,0.007302,-0.000720,-0.022377
0.004963,0.013104,-0.000377,0.007016,-0.000495,-0.021972
0.004280,0.012071,-0.000450,0.006709,-0.000272,-0.021497
0.003596,0.011020,-0.000522,0.006382,-0.000052,-0.020954
0.002913,0.009956,-0.000593,0.006036,0.000163,-0.020349
0.002233,0.008881,-0.000662,0.005674,0.000373,-0.019683
0.001559,0.007800,-0.000729,0.005297,0.000578,-0.018960
0.000893,0.006716,-0.000795,0.004905,0.000777,-0.018185
0.000238,0.005634,-0.000857,0.004501,0.000970,-0.017361
-0.000406,0.004557,-0.000918,0.004087,0.001155,-0.016492
-0.001034,0.003488,-0.000975,0.003663,0.001332,-0.015583
-0.001646,0.002432,-0.001030,0.003231,0.001501,-0.014637
-0.002240,0.001391,-0.001082,0.002794,0.001662,-0.013658
-0.002814,0.000369,-0.001130,0.002352,0.001813,-0.012651
-0.003366,-0.000631,-0.001175,0.001907,0.001955,-0.011620
-0.003895,-0.001607,-0.001216,0.001462,0.002087,-0.010569
-0.004400,-0.002554,-0.001254,0.001016,0.002209,-0.009502
-0.004878,-0.003472,-0.001287,0.000573,0.002321,-0.008424
-0.005329,-0.004356,-0.001317,0.000133,0.002422,-0.007338
-0.005752,-0.005206,-0.001342,-0.000302,0.002512,-0.006249
-0.006145,-0.006018,-0.001363,-0.000730,0.002592,-0.005160
-0.006509,-0.006791,-0.001380,-0.001151,0.002661,-0.004076
-0.006841,-0.007522,-0.001393,-0.001562,0.002718,-0.003000
-0.007143,-0.008211,-0.001401,-0.001962,0.002765,-0.001936
-0.007413,-0.008856,-0.001404,-0.002351,0.002802,-0.000888
-0.007651,-0.009455,-0.001404,-0.002727,0.002827,0.000142
-0.007856,-0.010008,-0.001398,-0.003088,0.002842,0.001149
-0.008029,-0.010513,-0.001389,-0.003434,0.002846,0.002131
-0.008170,-0.010970,-0.001375,-0.003763,0.002840,0.003085
-0.008279,-0.011379,-0.001356,-0.004076,0.002824,0.004008
-0.008356,-0.011739,-0.001333,-0.004370,0.002798,0.004897
-0.008401,-0.012050,-0.001306,-0.004645,0.002762,0.005749
-0.008416,-0.012312,-0.001275,-0.004900,0.002718,0.006563
-0.008400,-0.012525,-0.001240,-0.005135,0.002664,0.007337
-0.008354,-0.012690,-0.001200,-0.005349,0.002602,0.008068
-0.008279,-0.012807,-0.001157,-0.005542,0.002532,0.008755
-0.008176,-0.012877,-0.001111,-0.005713,0.002454,0.009396
-0.008046,-0.012901,-0.001061,-0.005862,0.002369,0.009990
-0.007889,-0.012880,-0.001007,-0.005988,0.002278,0.010535
-0.007708,-0.012815,-0.000951,-0.006092,0.002180,0.011032
-0.007503,-0.012707,-0.000891,-0.006174,0.002076,0.011479
-0.007275,-0.012558,-0.000829,-0.006232,0.001966,0.011875
-0.007025,-0.012370,-0.000765,-0.006269,0.001852,0.012220
-0.006756,-0.012143,-0.000698,-0.006283,0.001734,0.012515
-0.006468,-0.011880,-0.000629,-0.006275,0.001612,0.012759
-0.006162,-0.011583,-0.000558,-0.006245,0.001486,0.012952
-0.005841,-0.011253,-0.000486,-0.006194,0.001358,0.013094
-0.005505,-0.010893,-0.000412,-0.006122,0.001227,0.013187
-0.005157,-0.010504,-0.000338,-0.006030,0.001095,0.013231
-0.004797,-0.010089,-0.000262,-0.005918,0.000962,0.013227
-0.004427,-0.009651,-0.000186,-0.005786,0.000827,0.013175
-0.004049,-0.009190,-0.000110,-0.005637,0.000693,0.013078
-0.003664,-0.008710,-0.000034,-0.005470,0.000559,0.012936
-0.003274,-0.008213,0.000042,-0.005286,0.000425,0.012751
-0.002880,-0.007701,0.000118,-0.005086,0.000293,0.012524
-0.002484,-0.007177,0.000192,-0.004871,0.000162,0.012258
-0.002087,-0.006642,0.000266,-0.004642,0.000034,0.011953
-0.001691,-0.006099,0.000338,-0.004401,-0.000092,0.011612
-0.001297,-0.005551,0.000409,-0.004147,-0.000215,0.011237
-0.000906,-0.005000,0.000478,-0.003882,-0.000335,0.010830
-0.000520,-0.004447,0.000546,-0.003607,-0.000451,0.010393
-0.000140,-0.003896,0.000611,-0.003324,-0.000564,0.009928
0.000232,-0.003348,0.000673,-0.003033,-0.000671,0.009437
0.000597,-0.002805,0.000733,-0.002736,-0.000774,0.008923
0.000951,-0.002269,0.000790,-0.002433,-0.000873,0.008389
0.001295,-0.001743,0.000844,-0.002126,-0.000966,0.007835
0.001627,-0.001228,0.000895,-0.001815,-0.001054,0.007266
0.001947,-0.000726,0.000943,-0.001503,-0.001136,0.006682
0.002253,-0.000239,0.000987,-0.001190,-0.001212,0.006087
0.002545,0.000232,0.001027,-0.000878,-0.001282,0.005483
0.002822,0.000685,0.001064,-0.000567,-0.001347,0.004873
0.003082,0.001119,0.001097,-0.000258,-0.001405,0.004257
0.003327,0.001532,0.001126,0.000047,-0.001457,0.003640
0.003554,0.001923,0.001151,0.000348,-0.001502,0.003023
0.003765,0.002291,0.001172,0.000643,-0.001541,0.002408
0.003957,0.002635,0.001189,0.000932,-0.001574,0.001798
0.004131,0.002954,0.001201,0.001213,-0.001601,0.001194
0.004287,0.003247,0.001210,0.001485,-0.001621,0.000598
0.004425,0.003513,0.001214,0.001749,-0.001635,0.000014
0.004543,0.003752,0.001214,0.002002,-0.001642,-0.000559
0.004643,0.003964,0.001211,0.002245,-0.001644,-0.001117
0.004725,0.004147,0.001203,0.002476,-0.001640,-0.001660
0.004787,0.004303,0.001191,0.002696,-0.001629,-0.002185
0.004832,0.004430,0.001175,0.002902,-0.001614,-0.002691
0.004858,0.004528,0.001155,0.003095,-0.001592,-0.003177
0.004866,0.004598,0.001131,0.003275,-0.001565,-0.003641
0.004857,0.004639,0.001104,0.003440,-0.001533,-0.004083
0.004830,0.004653,0.001073,0.003591,-0.001497,-0.004500
0.004787,0.004639,0.001039,0.003726,-0.001455,-0.004893
0.004727,0.004598,0.001002,0.003847,-0.001409,-0.005260
0.004652,0.004530,0.000962,0.003952,-0.001359,-0.005600
0.004561,0.004436,0.000918,0.004042,-0.001305,-0.005914
0.004457,0.004317,0.000872,0.004116,-0.001248,-0.006199
0.004338,0.004173,0.000824,0.004175,-0.001187,-0.006456
0.004206,0.004005,0.000773,0.004218,-0.001123,-0.006685
0.004062,0.003815,0.000719,0.004245,-0.001056,-0.006886
0.003906,0.003603,0.000664,0.004257,-0.000987,-0.007057
0.003740,0.003370,0.000607,0.004254,-0.000915,-0.007200
0.003564,0.003117,0.000549,0.004236,-0.000842,-0.007314
0.003378,0.002846,0.000489,0.004203,-0.000767,-0.007399
0.003184,0.002558,0.000429,0.004155,-0.000691,-0.007457
0.002983,0.002254,0.000367,0.004094,-0.000614,-0.007486
0.002775,0.001935,0.000305,0.004020,-0.000536,-0.007488
0.002562,0.001602,0.000242,0.003932,-0.000457,-0.007464
0.002343,0.001258,0.000180,0.003832,-0.000379,-0.007413
0.002121,0.000902,0.000117,0.003720,-0.000301,-0.007337
0.001896,0.000537,0.000054,0.003596,-0.000223,-0.007237
0.001669,0.000164,-0.000008,0.003462,-0.000146,-0.007113
0.001440,-0.000215,-0.000069,0.003317,-0.000070,-0.006966
0.001211,-0.000600,-0.000129,0.003163,0.000004,-0.006798
0.000982,-0.000989,-0.000188,0.003000,0.000077,-0.006608
0.000754,-0.001380,-0.000246,0.002829,0.000149,-0.006400
0.000529,-0.001773,-0.000303,0.002651,0.000218,-0.006173
0.000306,-0.002165,-0.000358,0.002467,0.000286,-0.005928
0.000086,-0.002557,-0.000410,0.002276,0.000351,-0.005668
-0.000129,-0.002945,-0.000461,0.002081,0.000413,-0.005393
-0.000339,-0.003330,-0.000510,0.001881,0.000473,-0.005105
-0.000544,-0.003710,-0.000556,0.001678,0.000530,-0.004804
-0.000743,-0.004084,-0.000600,0.001472,0.000583,-0.004493
-0.000935,-0.004450,-0.000641,0.001264,0.000634,-0.004173
-0.001119,-0.004808,-0.000679,0.001055,0.000681,-0.003844
-0.001296,-0.005157,-0.000715,0.000846,0.000725,-0.003508
-0.001465,-0.005495,-0.000748,0.000637,0.000766,-0.003168
-0.001625,-0.005823,-0.000777,0.000429,0.000802,-0.002823
-0.001776,-0.006138,-0.000804,0.000223,0.000836,-0.002475
-0.001917,-0.006440,-0.000827,0.000020,0.000865,-0.002126
-0.002049,-0.006729,-0.000848,-0.000180,0.000891,-0.001776
-0.002170,-0.007003,-0.000865,-0.000376,0.000913,-0.001428
-0.002282,-0.007263,-0.000879,-0.000568,0.000932,-0.001082
-0.002383,-0.007507,-0.000889,-0.000754,0.000947,-0.000739
-0.002473,-0.007736,-0.000896,-0.000935,0.000958,-0.000401
-0.002553,-0.007948,-0.000901,-0.001109,0.000965,-0.000069
-0.002621,-0.008144,-0.000901,-0.001277,0.000969,0.000257
-0.002680,-0.008322,-0.000899,-0.001437,0.000969,0.000575
-0.002727,-0.008484,-0.000894,-0.001590,0.000966,0.000884
-0.002763,-0.008628,-0.000885,-0.001734,0.000959,0.001183
-0.002789,-0.008755,-0.000874,-0.001869,0.000949,0.001472
-0.002805,-0.008865,-0.000859,-0.001996,0.000936,0.001749
-0.002810,-0.008957,-0.000842,-0.002113,0.000920,0.002015
-0.002805,-0.009032,-0.000822,-0.002221,0.000900,0.002267
-0.002790,-0.009090,-0.000800,-0.002320,0.000878,0.002507
-0.002765,-0.009131,-0.000775,-0.002408,0.000853,0.002732
-0.002731,-0.009155,-0.000747,-0.002486,0.000826,0.002942
-0.002688,-0.009164,-0.000718,-0.002554,0.000796,0.003138
-0.002636,-0.009156,-0.000686,-0.002612,0.000764,0.003319
-0.002576,-0.009132,-0.000652,-0.002659,0.000730,0.003484
-0.002508,-0.009094,-0.000616,-0.002697,0.000694,0.003632
-0.002432,-0.009041,-0.000579,-0.002723,0.000656,0.003765
-0.002349,-0.008974,-0.000540,-0.002740,0.000617,0.003882
-0.002259,-0.008893,-0.000500,-0.002747,0.000576,0.003982
-0.002163,-0.008800,-0.000459,-0.002744,0.000534,0.004066
-0.002062,-0.008695,-0.000417,-0.002731,0.000490,0.004134
-0.001955,-0.008578,-0.000374,-0.002708,0.000446,0.004185
-0.001843,-0.008450,-0.000330,-0.002676,0.000401,0.004220
-0.001727,-0.008312,-0.000285,-0.002635,0.000356,0.004240
-0.001607,-0.008165,-0.000241,-0.002586,0.000310,0.004244
-0.001483,-0.008009,-0.000196,-0.002528,0.000265,0.004233
-0.001357,-0.007845,-0.000151,-0.002462,0.000219,0.004207
-0.001229,-0.007675,-0.000106,-0.002388,0.000173,0.004166
-0.001099,-0.007498,-0.000061,-0.002307,0.000127,0.004111
-0.000967,-0.007315,-0.000017,-0.002219,0.000082,0.004043
-0.000835,-0.007128,0.000026,-0.002125,0.000038,0.003961
-0.000703,-0.006937,0.000069,-0.002025,-0.000006,0.003868
-0.000570,-0.006744,0.000111,-0.001919,-0.000048,0.003762
-0.000439,-0.006547,0.000151,-0.001809,-0.000090,0.003645
-0.000308,-0.006350,0.000191,-0.001694,-0.000131,0.003517
-0.000179,-0.006151,0.000229,-0.001574,-0.000170,0.003380
-0.000052,-0.005953,0.000266,-0.001451,-0.000208,0.003233
0.000072,-0.005755,0.000302,-0.001326,-0.000244,0.003078
0.000194,-0.005559,0.000336,-0.001197,-0.000279,0.002915
0.000313,-0.005364,0.000368,-0.001067,-0.000312,0.002744
0.000428,-0.005173,0.000398,-0.000935,-0.000343,0.002568
0.000539,-0.004985,0.000426,-0.000802,-0.000372,0.002386
0.000646,-0.004801,0.000453,-0.000668,-0.000400,0.002199
0.000749,-0.004622,0.000477,-0.000535,-0.000425,0.002008
0.000846,-0.004447,0.000500,-0.000402,-0.000449,0.001814
0.000939,-0.004279,0.000520,-0.000270,-0.000470,0.001617
0.001027,-0.004117,0.000538,-0.000139,-0.000489,0.001419
0.001109,-0.003961,0.000554,-0.000010,-0.000506,0.001220
0.001185,-0.003812,0.000567,0.000117,-0.000521,0.001020
0.001256,-0.003670,0.000579,0.000241,-0.000534,0.000821
0.001320,-0.003537,0.000588,0.000362,-0.000545,0.000623
0.001379,-0.003411,0.000595,0.000479,-0.000553,0.000427
0.001431,-0.003294,0.000599,0.000593,-0.000559,0.000233
0.001478,-0.003185,0.000602,0.000703,-0.000563,0.000042
0.001518,-0.003085,0.000602,0.000808,-0.000565,-0.000145
0.001551,-0.002994,0.000600,0.000908,-0.000565,-0.000327
0.001579,-0.002911,0.000596,0.001003,-0.000563,-0.000505
0.001600,-0.002838,0.000590,0.001093,-0.000559,-0.000677
0.001615,-0.002774,0.000582,0.001178,-0.000553,-0.000843
0.001625,-0.002719,0.000572,0.001256,-0.000545,-0.001003
0.001628,-0.002673,0.000560,0.001329,-0.000535,-0.001156
0.001625,-0.002636,0.000546,0.001396,-0.000524,-0.001302
0.001616,-0.002608,0.000531,0.001456,-0.000511,-0.001440
0.001602,-0.002588,0.000514,0.001510,-0.000496,-0.001571
0.001582,-0.002578,0.000495,0.001558,-0.000480,-0.001693
0.001557,-0.002575,0.000476,0.001599,-0.000462,-0.001806
0.001527,-0.002581,0.000454,0.001634,-0.000443,-0.001911
0.001492,-0.002595,0.000432,0.001662,-0.000423,-0.002006
0.001453,-0.002616,0.000408,0.001684,-0.000402,-0.002093
0.001409,-0.002644,0.000383,0.001700,-0.000380,-0.002170
0.001360,-0.002680,0.000357,0.001709,-0.000357,-0.002238
0.001308,-0.002722,0.000331,0.001712,-0.000333,-0.002297
0.001253,-0.002771,0.000304,0.001708,-0.000308,-0.002346
0.001194,-0.002825,0.000276,0.001699,-0.000283,-0.002386
0.001131,-0.002885,0.000247,0.001684,-0.000257,-0.002417
0.001066,-0.002950,0.000219,0.001663,-0.000231,-0.002438
0.000999,-0.003019,0.000190,0.001636,-0.000204,-0.002450
0.000929,-0.003093,0.000160,0.001604,-0.000177,-0.002453
0.000858,-0.003170,0.000131,0.001567,-0.000151,-0.002448
0.000784,-0.003250,0.000102,0.001525,-0.000124,-0.002433
0.000710,-0.003334,0.000073,0.001478,-0.000097,-0.002411
0.000634,-0.003419,0.000044,0.001427,-0.000070,-0.002380
0.000558,-0.003507,0.000016,0.001372,-0.000044,-0.002341
0.000481,-0.003596,-0.000012,0.001313,-0.000018,-0.002295
0.000404,-0.003685,-0.000039,0.001250,0.000007,-0.002241
0.000327,-0.003776,-0.000066,0.001184,0.000032,-0.002181
0.000250,-0.003866,-0.000092,0.001115,0.000057,-0.002113
0.000174,-0.003955,-0.000117,0.001044,0.000080,-0.002040
0.000099,-0.004044,-0.000142,0.000970,0.000103,-0.001961
0.000025,-0.004131,-0.000165,0.000894,0.000125,-0.001876
-0.000047,-0.004216,-0.000187,0.000816,0.000147,-0.001787
-0.000118,-0.004299,-0.000209,0.000737,0.000167,-0.001693
-0.000187,-0.004380,-0.000229,0.000656,0.000186,-0.001595
-0.000254,-0.004457,-0.000248,0.000575,0.000204,-0.001493
-0.000318,-0.004531,-0.000265,0.000494,0.000221,-0.001387
-0.000381,-0.004601,-0.000282,0.000412,0.000237,-0.001279
-0.000440,-0.004667,-0.000297,0.000330,0.000252,-0.001169
-0.000497,-0.004729,-0.000311,0.000249,0.000265,-0.001056
-0.000551,-0.004785,-0.000323,0.000168,0.000278,-0.000942
-0.000602,-0.004837,-0.000334,0.000088,0.000289,-0.000827
-0.000650,-0.004883,-0.000343,0.000010,0.000299,-0.000712
-0.000694,-0.004924,-0.000351,-0.000067,0.000307,-0.000596
-0.000735,-0.004959,-0.000358,-0.000142,0.000315,-0.000480
-0.000772,-0.004988,-0.000363,-0.000216,0.000321,-0.000365
-0.000806,-0.005010,-0.000367,-0.000287,0.000325,-0.000251
-0.000837,-0.005026,-0.000370,-0.000355,0.000329,-0.000138
-0.000864,-0.005036,-0.000371,-0.000421,0.000331,-0.000028
-0.000887,-0.005039,-0.000371,-0.000484,0.000332,0.000081
-0.000906,-0.005036,-0.000369,-0.000545,0.000332,0.000187
-0.000922,-0.005026,-0.000366,-0.000602,0.000330,0.000291
-0.000934,-0.005009,-0.000362,-0.000656,0.000328,0.000391
-0.000943,-0.004985,-0.000357,-0.000706,0.000324,0.000488
-0.000948,-0.004954,-0.000350,-0.000753,0.000319,0.000581
-0.000950,-0.004916,-0.000343,-0.000796,0.000314,0.000670
-0.000948,-0.004872,-0.000334,-0.000835,0.000307,0.000755
-0.000942,-0.004821,-0.000324,-0.000871,0.000299,0.000836
-0.000934,-0.004763,-0.000313,-0.000903,0.000290,0.000912
-0.000922,-0.004698,-0.000302,-0.000931,0.000280,0.000983
-0.000907,-0.004627,-0.000289,-0.000955,0.000270,0.001049
-0.000889,-0.004550,-0.000276,-0.000975,0.000259,0.001110
-0.000869,-0.004467,-0.000262,-0.000991,0.000247,0.001166
-0.000845,-0.004377,-0.000247,-0.001004,0.000234,0.001216
-0.000820,-0.004282,-0.000232,-0.001012,0.000221,0.001262
-0.000791,-0.004181,-0.000216,-0.001017,0.000208,0.001301
-0.000761,-0.004074,-0.000199,-0.001018,0.000193,0.001336
-0.000728,-0.003962,-0.000183,-0.001015,0.000179,0.001364
-0.000693,-0.003846,-0.000166,-0.001009,0.000164,0.001387
-0.000657,-0.003724,-0.000148,-0.000999,0.000149,0.001405
-0.000618,-0.003598,-0.000131,-0.000986,0.000133,0.001418
-0.000579,-0.003467,-0.000113,-0.000969,0.000118,0.001425
-0.000538,-0.003333,-0.000095,-0.000950,0.000102,0.001426
-0.000496,-0.003194,-0.000078,-0.000927,0.000086,0.001423
-0.000453,-0.003052,-0.000060,-0.000901,0.000071,0.001415
-0.000409,-0.002907,-0.000043,-0.000873,0.000055,0.001401
-0.000365,-0.002759,-0.000025,-0.000842,0.000039,0.001383
-0.000320,-0.002608,-0.000008,-0.000809,0.000024,0.001360
-0.000275,-0.002454,0.000008,-0.000773,0.000009,0.001333
-0.000230,-0.002299,0.000025,-0.000735,-0.000006,0.001302
-0.000185,-0.002141,0.000041,-0.000696,-0.000021,0.001266
-0.000140,-0.001982,0.000056,-0.000655,-0.000035,0.001227
-0.000096,-0.001821,0.000071,-0.000612,-0.000049,0.001184
-0.000052,-0.001659,0.000086,-0.000568,-0.000062,0.001137
-0.000009,-0.001497,0.000099,-0.000522,-0.000075,0.001088
0.000034,-0.001333,0.000113,-0.000476,-0.000087,0.001035
0.000075,-0.001170,0.000125,-0.000429,-0.000099,0.000980
0.000115,-0.001006,0.000137,-0.000381,-0.000110,0.000923
0.000154,-0.000842,0.000148,-0.000333,-0.000121,0.000863
0.000192,-0.000678,0.000158,-0.000285,-0.000131,0.000801
0.000228,-0.000515,0.000168,-0.000237,-0.000140,0.000738
0.000263,-0.000354,0.000177,-0.000188,-0.000149,0.000673
0.000296,-0.000195,0.000185,-0.000140,-0.000157,0.000607
0.000327,-0.000038,0.000192,-0.000093,-0.000164,0.000541
0.000357,0.000116,0.000198,-0.000046,-0.000170,0.000473
0.000385,0.000267,0.000204,0.000000,-0.000176,0.000406
0.000410,0.000413,0.000208,0.000045,-0.000181,0.000338
0.000434,0.000555,0.000212,0.000090,-0.000185,0.000270
0.000456,0.000692,0.000215,0.000132,-0.000188,0.000203
0.000475,0.000824,0.000217,0.000174,-0.000191,0.000136
0.000493,0.000951,0.000218,0.000214,-0.000193,0.000071
0.000508,0.001071,0.000219,0.000253,-0.000194,0.000006
0.000522,0.001185,0.000219,0.000289,-0.000194,-0.000058
0.000533,0.001293,0.000217,0.000325,-0.000194,-0.000119
0.000542,0.001394,0.000216,0.000358,-0.000193,-0.000180
0.000548,0.001487,0.000213,0.000389,-0.000192,-0.000238
0.000553,0.001574,0.000210,0.000418,-0.000189,-0.000294
0.000556,0.001653,0.000206,0.000445,-0.000186,-0.000348
0.000556,0.001725,0.000201,0.000470,-0.000183,-0.000400
0.000555,0.001789,0.000196,0.000493,-0.000179,-0.000449
0.000552,0.001845,0.000190,0.000513,-0.000174,-0.000496
0.000546,0.001893,0.000183,0.000531,-0.000169,-0.000540
0.000539,0.001934,0.000176,0.000547,-0.000163,-0.000581
0.000530,0.001967,0.000169,0.000560,-0.000157,-0.000619
0.000519,0.001992,0.000161,0.000572,-0.000150,-0.000654
0.000507,0.002010,0.000153,0.000580,-0.000143,-0.000686
0.000493,0.002020,0.000144,0.000587,-0.000136,-0.000715
0.000478,0.002022,0.000135,0.000591,-0.000128,-0.000740
0.000461,0.002017,0.000125,0.000593,-0.000120,-0.000763
0.000443,0.002005,0.000116,0.000593,-0.000112,-0.000782
0.000423,0.001986,0.000106,0.000591,-0.000103,-0.000798
0.000403,0.001960,0.000096,0.000586,-0.000094,-0.000810
0.000381,0.001928,0.000086,0.000580,-0.000085,-0.000820
0.000359,0.001889,0.000075,0.000571,-0.000076,-0.000826
0.000335,0.001845,0.000065,0.000561,-0.000067,-0.000829
0.000311,0.001794,0.000055,0.000549,-0.000058,-0.000829
0.000287,0.001738,0.000044,0.000535,-0.000049,-0.000826
0.000261,0.001677,0.000034,0.000519,-0.000040,-0.000820
0.000236,0.001612,0.000024,0.000502,-0.000030,-0.000811
0.000210,0.001541,0.000013,0.000483,-0.000021,-0.000800
0.000183,0.001467,0.000003,0.000463,-0.000012,-0.000785
0.000157,0.001389,-0.000006,0.000441,-0.000003,-0.000769
0.000130,0.001307,-0.000016,0.000419,0.000005,-0.000749
0.000104,0.001222,-0.000025,0.000395,0.000014,-0.000728
0.000078,0.001135,-0.000034,0.000370,0.000022,-0.000704
0.000052,0.001045,-0.000043,0.000345,0.000030,-0.000678
0.000026,0.000953,-0.000051,0.000319,0.000038,-0.000650
0.000001,0.000860,-0.000059,0.000292,0.000046,-0.000620
-0.000024,0.000765,-0.000067,0.000264,0.000053,-0.000589
-0.000048,0.000670,-0.000074,0.000237,0.000060,-0.000556
-0.000071,0.000574,-0.000081,0.000209,0.000066,-0.000522
-0.000094,0.000478,-0.000088,0.000180,0.000072,-0.000487
-0.000116,0.000382,-0.000094,0.000152,0.000078,-0.000450
-0.000137,0.000287,-0.000099,0.000124,0.000083,-0.000413
-0.000158,0.000192,-0.000104,0.000096,0.000088,-0.000375
-0.000177,0.000099,-0.000109,0.000068,0.000093,-0.000336
-0.000195,0.000007,-0.000113,0.000040,0.000097,-0.000297
-0.000212,-0.000083,-0.000117,0.000013,0.000101,-0.000258
-0.000228,-0.000171,-0.000120,-0.000014,0.000104,-0.000219
-0.000243,-0.000256,-0.000122,-0.000040,0.000107,-0.000180
-0.000257,-0.000339,-0.000125,-0.000065,0.000109,-0.000140
-0.000269,-0.000419,-0.000126,-0.000089,0.000111,-0.000102
-0.000281,-0.000496,-0.000127,-0.000113,0.000112,-0.000063
-0.000291,-0.000569,-0.000128,-0.000136,0.000113,-0.000025
-0.000299,-0.000639,-0.000128,-0.000158,0.000114,0.000012
-0.000307,-0.000706,-0.000128,-0.000179,0.000114,0.000048
-0.000313,-0.000768,-0.000127,-0.000198,0.000114,0.000083
-0.000318,-0.000827,-0.000126,-0.000217,0.000113,0.000118
-0.000322,-0.000881,-0.000124,-0.000234,0.000112,0.000151
-0.000325,-0.000931,-0.000122,-0.000250,0.000111,0.000183
-0.000326,-0.000977,-0.000120,-0.000265,0.000109,0.000213
-0.000326,-0.001018,-0.000117,-0.000279,0.000107,0.000242
-0.000325,-0.001055,-0.000114,-0.000291,0.000105,0.000270
-0.000323,-0.001087,-0.000111,-0.000302,0.000102,0.000296
-0.000320,-0.001115,-0.000107,-0.000312,0.000099,0.000320
-0.000315,-0.001138,-0.000103,-0.000320,0.000095,0.000343
-0.000310,-0.001156,-0.000098,-0.000327,0.000092,0.000364
-0.000304,-0.001170,-0.000093,-0.000332,0.000088,0.000383
-0.000296,-0.001180,-0.000089,-0.000337,0.000083,0.000401
-0.000288,-0.001185,-0.000083,-0.000340,0.000079,0.000416
-0.000279,-0.001186,-0.000078,-0.000341,0.000074,0.000430
-0.000269,-0.001182,-0.000073,-0.000342,0.000070,0.000442
-0.000258,-0.001174,-0.000067,-0.000341,0.000065,0.000452
-0.000246,-0.001162,-0.000061,-0.000339,0.000060,0.000460
-0.000234,-0.001147,-0.000055,-0.000335,0.000054,0.000466
-0.000221,-0.001127,-0.000049,-0.000331,0.000049,0.000471
-0.000208,-0.001104,-0.000043,-0.000325,0.000044,0.000474
-0.000194,-0.001077,-0.000037,-0.000319,0.000038,0.000475
-0.000180,-0.001047,-0.000031,-0.000311,0.000033,0.000474
-0.000166,-0.001014,-0.000025,-0.000303,0.000028,0.000471
-0.000151,-0.000977,-0.000019,-0.000293,0.000022,0.000467
-0.000136,-0.000938,-0.000013,-0.000283,0.000017,0.000462
-0.000120,-0.000897,-0.000007,-0.000271,0.000011,0.000454
-0.000105,-0.000853,-0.000001,-0.000259,0.000006,0.000446
-0.000089,-0.000807,0.000005,-0.000247,0.000001,0.000435
-0.000074,-0.000758,0.000010,-0.000233,-0.000004,0.000424
-0.000059,-0.000708,0.000016,-0.000220,-0.000009,0.000411
-0.000043,-0.000657,0.000021,-0.000205,-0.000014,0.000397
-0.000028,-0.000604,0.000026,-0.000190,-0.000019,0.000382
-0.000013,-0.000550,0.000031,-0.000175,-0.000023,0.000365
0.000002,-0.000495,0.000036,-0.000160,-0.000028,0.000348
0.000016,-0.000440,0.000040,-0.000144,-0.000032,0.000330
0.000030,-0.000384,0.000044,-0.000128,-0.000036,0.000311
0.000044,-0.000327,0.000048,-0.000112,-0.000040,0.000291
0.000057,-0.000271,0.000052,-0.000095,-0.000043,0.000271
0.000070,-0.000215,0.000056,-0.000079,-0.000046,0.000250
0.000082,-0.000159,0.000059,-0.000063,-0.000050,0.000228
0.000094,-0.000104,0.000062,-0.000047,-0.000052,0.000206
0.000105,-0.000049,0.000064,-0.000031,-0.000055,0.000184
0.000116,0.000005,0.000067,-0.000015,-0.000057,0.000162
0.000126,0.000057,0.000069,0.000000,-0.000059,0.000139
0.000135,0.000109,0.000071,0.000016,-0.000061,0.000117
0.000144,0.000158,0.000072,0.000030,-0.000063,0.000094
0.000152,0.000207,0.000073,0.000045,-0.000064,0.000072
0.000159,0.000253,0.000074,0.000059,-0.000065,0.000050
0.000166,0.000298,0.000075,0.000072,-0.000066,0.000028
0.000171,0.000341,0.000075,0.000085,-0.000067,0.000006
0.000176,0.000382,0.000075,0.000098,-0.000067,-0.000015
0.000181,0.000420,0.000075,0.000109,-0.000067,-0.000036
0.000184,0.000456,0.000075,0.000121,-0.000067,-0.000056
0.000187,0.000490,0.000074,0.000131,-0.000066,-0.000076
0.000189,0.000522,0.000073,0.000141,-0.000066,-0.000095
0.000191,0.000551,0.000072,0.000150,-0.000065,-0.000113
0.000191,0.000577,0.000070,0.000158,-0.000064,-0.000130
0.000191,0.000601,0.000069,0.000166,-0.000063,-0.000147
0.000191,0.000622,0.000067,0.000173,-0.000061,-0.000163
0.000189,0.000640,0.000065,0.000179,-0.000059,-0.000178
0.000187,0.000656,0.000062,0.000184,-0.000058,-0.000191
0.000184,0.000669,0.000060,0.000189,-0.000055,-0.000204
0.000181,0.000680,0.000057,0.000193,-0.000053,-0.000216
0.000177,0.000687,0.000054,0.000196,-0.000051,-0.000227
0.000173,0.000693,0.000051,0.000198,-0.000048,-0.000237
0.000168,0.000695,0.000048,0.000200,-0.000046,-0.000246
0.000162,0.000695,0.000045,0.000200,-0.000043,-0.000254
0.000157,0.000693,0.000042,0.000201,-0.000040,-0.000261
0.000150,0.000688,0.000039,0.000200,-0.000037,-0.000266
0.000143,0.000680,0.000035,0.000198,-0.000034,-0.000271
0.000136,0.000671,0.000032,0.000196,-0.000031,-0.000274
0.000129,0.000659,0.000028,0.000194,-0.000028,-0.000277
0.000121,0.000645,0.000025,0.000190,-0.000025,-0.000278
0.000113,0.000629,0.000021,0.000186,-0.000022,-0.000278
0.000104,0.000611,0.000018,0.000182,-0.000019,-0.000278
0.000096,0.000591,0.000014,0.000177,-0.000016,-0.000276
0.000087,0.000570,0.000010,0.000171,-0.000012,-0.000274
0.000078,0.000546,0.000007,0.000165,-0.000009,-0.000270
0.000069,0.000522,0.000003,0.000158,-0.000006,-0.000266
0.000060,0.000496,0.000000,0.000151,-0.000003,-0.000260
0.000051,0.000468,-0.000003,0.000143,-0.000000,-0.000254
0.000042,0.000440,-0.000007,0.000136,0.000003,-0.000247
0.000033,0.000410,-0.000010,0.000127,0.000006,-0.000240
0.000024,0.000380,-0.000013,0.000119,0.000009,-0.000231
0.000015,0.000349,-0.000016,0.000110,0.000011,-0.000222
0.000006,0.000317,-0.000019,0.000101,0.000014,-0.000213
-0.000003,0.000285,-0.000021,0.000092,0.000017,-0.000202
-0.000011,0.000252,-0.000024,0.000083,0.000019,-0.000192
-0.000019,0.000219,-0.000026,0.000073,0.000021,-0.000180
-0.000027,0.000186,-0.000029,0.000064,0.000024,-0.000169
-0.000035,0.000153,-0.000031,0.000054,0.000026,-0.000157
-0.000042,0.000120,-0.000033,0.000045,0.000028,-0.000144
-0.000050,0.000088,-0.000035,0.000035,0.000029,-0.000132
-0.000056,0.000055,-0.000036,0.000026,0.000031,-0.000119
-0.000063,0.000024,-0.000038,0.000016,0.000032,-0.000106
-0.000069,-0.000008,-0.000039,0.000007,0.000034,-0.000093
-0.000075,-0.000039,-0.000040,-0.000002,0.000035,-0.000079
-0.000080,-0.000069,-0.000042,-0.000011,0.000036,-0.000066
-0.000085,-0.000098,-0.000042,-0.000019,0.000037,-0.000053
-0.000090,-0.000126,-0.000043,-0.000028,0.000038,-0.000040
-0.000094,-0.000153,-0.000044,-0.000036,0.000038,-0.000027
-0.000098,-0.000179,-0.000044,-0.000044,0.000039,-0.000014
-0.000101,-0.000204,-0.000044,-0.000051,0.000039,-0.000001
-0.000104,-0.000228,-0.000044,-0.000058,0.000039,0.000011
-0.000106,-0.000250,-0.000044,-0.000065,0.000039,0.000023
-0.000108,-0.000271,-0.000044,-0.000072,0.000039,0.000035
-0.000110,-0.000291,-0.000043,-0.000078,0.000039,0.000046
-0.000111,-0.000309,-0.000043,-0.000084,0.000039,0.000057
-0.000112,-0.000326,-0.000042,-0.000089,0.000038,0.000068
-0.000112,-0.000341,-0.000041,-0.000094,0.000037,0.000078
-0.000112,-0.000354,-0.000040,-0.000098,0.000037,0.000088
-0.000112,-0.000367,-0.000039,-0.000102,0.000036,0.000097
-0.000111,-0.000377,-0.000038,-0.000106,0.000035,0.000106
-0.000110,-0.000386,-0.000036,-0.000109,0.000034,0.000114
-0.000108,-0.000394,-0.000035,-0.000112,0.000032,0.000122
-0.000106,-0.000399,-0.000033,-0.000114,0.000031,0.000129
-0.000104,-0.000404,-0.000032,-0.000116,0.000030,0.000136
-0.000101,-0.000406,-0.000030,-0.000117,0.000028,0.000142
-0.000098,-0.000408,-0.000028,-0.000118,0.000027,0.000147
-0.000095,-0.000407,-0.000026,-0.000119,0.000025,0.000152
-0.000091,-0.000406,-0.000024,-0.000119,0.000023,0.000156
-0.000087,-0.000403,-0.000022,-0.000119,0.000022,0.000159
-0.000083,-0.000398,-0.000020,-0.000118,0.000020,0.000162
-0.000079,-0.000392,-0.000018,-0.000117,0.000018,0.000165
-0.000075,-0.000385,-0.000016,-0.000116,0.000016,0.000167
-0.000070,-0.000377,-0.000014,-0.000114,0.000015,0.000168
-0.000065,-0.000367,-0.000012,-0.000112,0.000013,0.000168
-0.000060,-0.000356,-0.000010,-0.000110,0.000011,0.000168
-0.000055,-0.000345,-0.000008,-0.000107,0.000009,0.000168
-0.000050,-0.000332,-0.000006,-0.000104,0.000007,0.000167
-0.000045,-0.000318,-0.000004,-0.000101,0.000005,0.000165
-0.000040,-0.000303,-0.000002,-0.000097,0.000003,0.000163
-0.000034,-0.000288,0.000000,-0.000093,0.000002,0.000161
-0.000029,-0.000272,0.000002,-0.000089,-0.000000,0.000157
-0.000024,-0.000255,0.000004,-0.000085,-0.000002,0.000154
-0.000018,-0.000238,0.000006,-0.000081,-0.000003,0.000150
-0.000013,-0.000220,0.000008,-0.000076,-0.000005,0.000145
-0.000008,-0.000202,0.000010,-0.000071,-0.000007,0.000141
-0.000003,-0.000183,0.000011,-0.000066,-0.000008,0.000135
0.000002,-0.000164,0.000013,-0.000061,-0.000010,0.000130
0.000007,-0.000145,0.000014,-0.000056,-0.000011,0.000124
0.000012,-0.000126,0.000016,-0.000051,-0.000012,0.000118
0.000017,-0.000106,0.000017,-0.000046,-0.000014,0.000111
0.000021,-0.000087,0.000018,-0.000041,-0.000015,0.000104
0.000026,-0.000067,0.000019,-0.000035,-0.000016,0.000097
0.000030,-0.000048,0.000021,-0.000030,-0.000017,0.000090
0.000034,-0.000029,0.000022,-0.000024,-0.000018,0.000083
0.000037,-0.000011,0.000022,-0.000019,-0.000019,0.000075
0.000041,0.000008,0.000023,-0.000014,-0.000020,0.000067
0.000044,0.000026,0.000024,-0.000009,-0.000020,0.000059
0.000048,0.000043,0.000024,-0.000003,-0.000021,0.000052
0.000050,0.000060,0.000025,0.000002,-0.000021,0.000044
0.000053,0.000076,0.000025,0.000007,-0.000022,0.000036
0.000055,0.000092,0.000026,0.000012,-0.000022,0.000028
0.000058,0.000107,0.000026,0.000017,-0.000023,0.000020
0.000060,0.000122,0.000026,0.000021,-0.000023,0.000012
0.000061,0.000136,0.000026,0.000026,-0.000023,0.000004
0.000063,0.000149,0.000026,0.000030,-0.000023,-0.000004
0.000064,0.000161,0.000026,0.000034,-0.000023,-0.000011
0.000065,0.000172,0.000025,0.000038,-0.000023,-0.000019
0.000065,0.000183,0.000025,0.000042,-0.000022,-0.000026
0.000066,0.000192,0.000024,0.000046,-0.000022,-0.000033
0.000066,0.000201,0.000024,0.000049,-0.000022,-0.000040
0.000066,0.000209,0.000023,0.000053,-0.000021,-0.000047
0.000065,0.000216,0.000023,0.000056,-0.000021,-0.000053
0.000065,0.000222,0.000022,0.000058,-0.000020,-0.000059
0.000064,0.000227,0.000021,0.000061,-0.000020,-0.000065
0.000063,0.000231,0.000020,0.000063,-0.000019,-0.000071
0.000062,0.000235,0.000019,0.000065,-0.000018,-0.000076
0.000060,0.000237,0.000018,0.000067,-0.000017,-0.000081
0.000059,0.000239,0.000017,0.000069,-0.000016,-0.000085
0.000057,0.000239,0.000016,0.000070,-0.000016,-0.000089
0.000055,0.000239,0.000015,0.000071,-0.000015,-0.000093
0.000053,0.000238,0.000014,0.000072,-0.000014,-0.000097
0.000051,0.000236,0.000013,0.000073,-0.000013,-0.000100
0.000048,0.000233,0.000012,0.000073,-0.000012,-0.000102
0.000046,0.000229,0.000011,0.000073,-0.000011,-0.000104
0.000043,0.000225,0.000009,0.000073,-0.000010,-0.000106
0.000041,0.000220,0.000008,0.000073,-0.000009,-0.000108
0.000038,0.000214,0.000007,0.000072,-0.000007,-0.000109
0.000035,0.000208,0.000006,0.000071,-0.000006,-0.000110
0.000032,0.000201,0.000004,0.000070,-0.000005,-0.000110
0.000029,0.000193,0.000003,0.000069,-0.000004,-0.000110
0.000026,0.000185,0.000002,0.000067,-0.000003,-0.000109
0.000023,0.000177,0.000001,0.000066,-0.000002,-0.000108
0.000020,0.000167,-0.000000,0.000064,-0.000001,-0.000107
0.000016,0.000158,-0.000002,0.000062,-0.000000,-0.000105
0.000013,0.000148,-0.000003,0.000060,0.000001,-0.000104
0.000010,0.000138,-0.000004,0.000057,0.000002,-0.000101
0.000007,0.000127,-0.000005,0.000055,0.000003,-0.000099
0.000004,0.000116,-0.000006,0.000052,0.000004,-0.000096
0.000001,0.000105,-0.000007,0.000049,0.000005,-0.000093
-0.000002,0.000094,-0.000008,0.000046,0.000006,-0.000089
-0.000005,0.000083,-0.000009,0.000043,0.000006,-0.000086
-0.000008,0.000072,-0.000009,0.000040,0.000007,-0.000082
-0.000010,0.000060,-0.000010,0.000036,0.000008,-0.000077
-0.000013,0.000049,-0.000011,0.000033,0.000009,-0.000073
-0.000015,0.000038,-0.000011,0.000030,0.000009,-0.000069
-0.000015,0.000026,-0.000010,0.000026,0.000010,-0.000064
-0.000015,0.000015,-0.000007,0.000023,0.000010,-0.000059
-0.000012,0.000004,-0.000002,0.000019,0.000011,-0.000054
-0.000006,-0.000006,0.000005,0.000016,0.000011,-0.000049
0.000003,-0.000017,0.000015,0.000013,0.000012,-0.000044
0.000015,-0.000027,0.000028,0.000009,0.000012,-0.000039
0.000031,-0.000037,0.000046,0.000006,0.000012,-0.000034
0.000050,-0.000046,0.000067,0.000002,0.000013,-0.000029
0.000075,-0.000056,0.000093,-0.000001,0.000013,-0.000023
0.000104,-0.000064,0.000123,-0.000004,0.000013,-0.000018
0.000138,-0.000073,0.000158,-0.000007,0.000013,-0.000013
0.000178,-0.000081,0.000199,-0.000010,0.000013,-0.000008
0.000223,-0.000088,0.000244,-0.000013,0.000013,-0.000003
0.000273,-0.000095,0.000296,-0.000016,0.000013,0.000002
0.000330,-0.000102,0.000353,-0.000019,0.000013,0.000007
0.000392,-0.000108,0.000416,-0.000021,0.000013,0.000012
0.000460,-0.000114,0.000484,-0.000024,0.000013,0.000016
0.000534,-0.000119,0.000559,-0.000026,0.000013,0.000021
0.000614,-0.000123,0.000639,-0.000028,0.000012,0.000025
0.000701,-0.000127,0.000726,-0.000030,0.000012,0.000029
0.000793,-0.000131,0.000819,-0.000032,0.000012,0.000033
0.000892,-0.000134,0.000917,-0.000034,0.000011,0.000037
0.000996,-0.000136,0.001021,-0.000036,0.000011,0.000040
0.001106,-0.000138,0.001131,-0.000037,0.000011,0.000043
0.001222,-0.000139,0.001246,-0.000038,0.000010,0.000046
0.001343,-0.000140,0.001367,-0.000039,0.000010,0.000049
0.001469,-0.000140,0.001493,-0.000040,0.000009,0.000052
0.001601,-0.000140,0.001625,-0.000041,0.000009,0.000054
0.001738,-0.000139,0.001761,-0.000042,0.000008,0.000056
0.001879,-0.000138,0.001901,-0.000042,0.000007,0.000058
0.002024,-0.000136,0.002046,-0.000043,0.000007,0.000060
0.002174,-0.000134,0.002195,-0.000043,0.000006,0.000061
0.002328,-0.000131,0.002348,-0.000043,0.000006,0.000062
0.002485,-0.000128,0.002504,-0.000043,0.000005,0.000063
0.002646,-0.000125,0.002664,-0.000042,0.000004,0.000064
0.002809,-0.000121,0.002826,-0.000042,0.000004,0.000064
0.002975,-0.000117,0.002991,-0.000041,0.000003,0.000065
0.003143,-0.000113,0.003158,-0.000041,0.000003,0.000065
0.003313,-0.000108,0.003327,-0.000040,0.000002,0.000064
0.003485,-0.000103,0.003498,-0.000039,0.000001,0.000064
0.003657,-0.000097,0.003670,-0.000038,0.000001,0.000063
0.003831,-0.000092,0.003842,-0.000037,0.000000,0.000062
0.004005,-0.000086,0.004015,-0.000035,-0.000000,0.000061
0.004179,-0.000080,0.004188,-0.000034,-0.000001,0.000060
0.004353,-0.000074,0.004361,-0.000032,-0.000001,0.000058
0.004527,-0.000067,0.004533,-0.000031,-0.000002,0.000057
0.004699,-0.000061,0.004704,-0.000029,-0.000002,0.000055
0.004870,-0.000054,0.004874,-0.000028,-0.000003,0.000053
0.005039,-0.000048,0.005042,-0.000026,-0.000003,0.000051
0.005207,-0.000041,0.005208,-0.000024,-0.000004,0.000049
0.005372,-0.000034,0.005372,-0.000022,-0.000004,0.000046
0.005534,-0.000028,0.005533,-0.000020,-0.000005,0.000044
0.005694,-0.000021,0.005691,-0.000018,-0.000005,0.000041
0.005850,-0.000014,0.005847,-0.000017,-0.000006,0.000039
0.006003,-0.000008,0.005998,-0.000015,-0.000006,0.000036
0.006152,-0.000002,0.006146,-0.000013,-0.000006,0.000033
0.006297,0.000005,0.006290,-0.000011,-0.000006,0.000030
0.006437,0.000011,0.006430,-0.000009,-0.000007,0.000027
0.006574,0.000017,0.006565,-0.000007,-0.000007,0.000024
0.006705,0.000022,0.006696,-0.000005,-0.000007,0.000022
0.006832,0.000028,0.006822,-0.000003,-0.000007,0.000019
0.006954,0.000033,0.006942,-0.000002,-0.000008,0.000016
0.007070,0.000039,0.007058,0.000000,-0.000008,0.000013
0.007181,0.000043,0.007168,0.000002,-0.000008,0.000010
0.007287,0.000048,0.007273,0.000003,-0.000008,0.000007
0.007387,0.000052,0.007373,0.000005,-0.000008,0.000004
0.007481,0.000056,0.007466,0.000006,-0.000008,0.000002
0.007569,0.000060,0.007554,0.000008,-0.000008,-0.000001
0.007652,0.000064,0.007637,0.000009,-0.000008,-0.000003
0.007729,0.000067,0.007713,0.000010,-0.000008,-0.000006
0.007800,0.000070,0.007784,0.000011,-0.000008,-0.000008
0.007866,0.000073,0.007849,0.000012,-0.000008,-0.000011
0.007925,0.000075,0.007908,0.000013,-0.000008,-0.000013
0.007979,0.000077,0.007962,0.000014,-0.000007,-0.000015
0.008026,0.000078,0.008009,0.000015,-0.000007,-0.000017
0.008069,0.000080,0.008051,0.000016,-0.000007,-0.000018
0.008105,0.000081,0.008088,0.000016,-0.000007,-0.000020
0.008136,0.000081,0.008119,0.000017,-0.000007,-0.000022
0.008162,0.000082,0.008145,0.000017,-0.000006,-0.000023
0.008182,0.000082,0.008165,0.000017,-0.000006,-0.000024
0.008197,0.000082,0.008180,0.000018,-0.000006,-0.000025
0.008207,0.000081,0.008191,0.000018,-0.000006,-0.000026
0.008212,0.000081,0.008196,0.000018,-0.000005,-0.000027
0.008212,0.000079,0.008197,0.000018,-0.000005,-0.000028
0.008208,0.000078,0.008193,0.000017,-0.000005,-0.000028
0.008200,0.000077,0.008185,0.000017,-0.000004,-0.000029
0.008187,0.000075,0.008173,0.000017,-0.000004,-0.000029
0.008170,0.000073,0.008157,0.000016,-0.000004,-0.000029
0.008150,0.000070,0.008137,0.000016,-0.000003,-0.000029
0.008126,0.000068,0.008113,0.000015,-0.000003,-0.000029
0.008098,0.000065,0.008087,0.000014,-0.000003,-0.000028
0.008068,0.000063,0.008057,0.000013,-0.000002,-0.000028
0.008034,0.000059,0.008024,0.000012,-0.000002,-0.000027
0.007998,0.000056,0.007988,0.000012,-0.000002,-0.000026
0.007959,0.000053,0.007951,0.000011,-0.000001,-0.000026
0.007918,0.000050,0.007910,0.000009,-0.000001,-0.000025
0.007875,0.000046,0.007868,0.000008,-0.000000,-0.000024
0.007830,0.000042,0.007824,0.000007,-0.000000,-0.000022
0.007784,0.000039,0.007779,0.000006,0.000000,-0.000021
0.007736,0.000035,0.007732,0.000005,0.000001,-0.000020
0.007687,0.000031,0.007684,0.000003,0.000001,-0.000018
0.007637,0.000027,0.007635,0.000002,0.000001,-0.000017
0.007586,0.000023,0.007585,0.000001,0.000002,-0.000015
0.007535,0.000019,0.007535,-0.000001,0.000002,-0.000013
0.007483,0.000016,0.007483,-0.000002,0.000002,-0.000011
0.007432,0.000012,0.007433,-0.000004,0.000003,-0.000010
0.007380,0.000008,0.007382,-0.000005,0.000003,-0.000008
0.007328,0.000004,0.007331,-0.000006,0.000003,-0.000006
0.007277,0.000000,0.007281,-0.000008,0.000003,-0.000004
0.007226,-0.000003,0.007231,-0.000009,0.000004,-0.000002
0.007176,-0.000007,0.007182,-0.000011,0.000004,0.000000
0.007127,-0.000010,0.007133,-0.000012,0.000004,0.000002
0.007079,-0.000013,0.007086,-0.000013,0.000004,0.000004
0.007032,-0.000017,0.007039,-0.000015,0.000005,0.000006
0.006986,-0.000020,0.006994,-0.000016,0.000005,0.000008
0.006941,-0.000023,0.006950,-0.000017,0.000005,0.000010
0.006897,-0.000026,0.006907,-0.000019,0.000005,0.000012
0.006855,-0.000028,0.006866,-0.000020,0.000005,0.000014
0.006815,-0.000031,0.006826,-0.000021,0.000006,0.000016
0.006776,-0.000033,0.006788,-0.000022,0.000006,0.000018
0.006739,-0.000035,0.006751,-0.000023,0.000006,0.000019
0.006703,-0.000037,0.006716,-0.000024,0.000006,0.000021
0.006670,-0.000039,0.006683,-0.000025,0.000006,0.000023
0.006638,-0.000041,0.006651,-0.000026,0.000006,0.000024
0.006607,-0.000042,0.006621,-0.000027,0.000006,0.000026
0.006579,-0.000044,0.006593,-0.000028,0.000006,0.000027
0.006552,-0.000045,0.006566,-0.000028,0.000006,0.000029
0.006527,-0.000046,0.006541,-0.000029,0.000006,0.000030
0.006503,-0.000046,0.006518,-0.000030,0.000006,0.000031
0.006482,-0.000047,0.006496,-0.000030,0.000006,0.000033
0.006462,-0.000047,0.006476,-0.000031,0.000006,0.000034
0.006443,-0.000047,0.006458,-0.000031,0.000006,0.000035
0.006426,-0.000047,0.006441,-0.000032,0.000006,0.000036
0.006410,-0.000047,0.006425,-0.000032,0.000006,0.000037
0.006396,-0.000047,0.006410,-0.000032,0.000006,0.000037
0.006383,-0.000047,0.006397,-0.000032,0.000005,0.000038
0.006372,-0.000046,0.006385,-0.000033,0.000005,0.000039
0.006361,-0.000045,0.006374,-0.000033,0.000005,0.000039
0.006351,-0.000044,0.006364,-0.000033,0.000005,0.000039
0.006343,-0.000043,0.006355,-0.000033,0.000005,0.000040
0.006335,-0.000042,0.006347,-0.000032,0.000005,0.000040
0.006328,-0.000041,0.006340,-0.000032,0.000004,0.000040
0.006321,-0.000039,0.006333,-0.000032,0.000004,0.000040
0.006315,-0.000038,0.006326,-0.000032,0.000004,0.000040
0.006310,-0.000036,0.006320,-0.000032,0.000004,0.000040
0.006304,-0.000034,0.006314,-0.000031,0.000003,0.000040
0.006299,-0.000032,0.006308,-0.000031,0.000003,0.000040
0.006294,-0.000030,0.006302,-0.000030,0.000003,0.000039
0.006288,-0.000028,0.006296,-0.000030,0.000003,0.000039
0.006283,-0.000026,0.006289,-0.000030,0.000002,0.000038
0.006277,-0.000024,0.006283,-0.000029,0.000002,0.000038
0.006270,-0.000022,0.006275,-0.000028,0.000002,0.000037
0.006263,-0.000020,0.006268,-0.000028,0.000001,0.000037
0.006256,-0.000018,0.006259,-0.000027,0.000001,0.000036
0.006247,-0.000016,0.006250,-0.000027,0.000001,0.000035
0.006238,-0.000013,0.006240,-0.000026,0.000001,0.000034
0.006227,-0.000011,0.006227,-0.000025,0.000000,0.000034
0.006216,-0.000009,0.006216,-0.000025,-0.000000,0.000033
0.006203,-0.000007,0.006203,-0.000024,-0.000000,0.000032
0.006189,-0.000004,0.006187,-0.000023,-0.000001,0.000031
0.006173,-0.000002,0.006171,-0.000023,-0.000001,0.000030
0.006156,-0.000000,0.006153,-0.000022,-0.000001,0.000029
0.006138,0.000002,0.006134,-0.000021,-0.000002,0.000028
0.006117,0.000004,0.006113,-0.000021,-0.000002,0.000027
0.006096,0.000006,0.006090,-0.000020,-0.000002,0.000026
0.006072,0.000008,0.006066,-0.000019,-0.000002,0.000025
0.006046,0.000010,0.006039,-0.000019,-0.000003,0.000024
0.006019,0.000011,0.006011,-0.000018,-0.000003,0.000023
0.005989,0.000013,0.005981,-0.000017,-0.000003,0.000022
0.005958,0.000015,0.005949,-0.000017,-0.000003,0.000021
0.005924,0.000016,0.005915,-0.000016,-0.000004,0.000020
0.005889,0.000018,0.005879,-0.000015,-0.000004,0.000019
0.005851,0.000019,0.005840,-0.000015,-0.000004,0.000018
0.005811,0.000020,0.005800,-0.000014,-0.000004,0.000017
0.005769,0.000021,0.005758,-0.000014,-0.000004,0.000016
0.005725,0.000022,0.005714,-0.000013,-0.000004,0.000015
0.005679,0.000023,0.005667,-0.000013,-0.000005,0.000014
0.005631,0.000024,0.005618,-0.000012,-0.000005,0.000013
0.005580,0.000025,0.005568,-0.000012,-0.000005,0.000012
0.005528,0.000025,0.005515,-0.000012,-0.000005,0.000011
0.005473,0.000026,0.005460,-0.000011,-0.000005,0.000011
0.005417,0.000026,0.005404,-0.000011,-0.000005,0.000010
0.005358,0.000027,0.005345,-0.000011,-0.000005,0.000009
0.005298,0.000027,0.005284,-0.000010,-0.000005,0.000008
0.005235,0.000027,0.005222,-0.000010,-0.000005,0.000008
0.005171,0.000027,0.005158,-0.000010,-0.000005,0.000007
0.005104,0.000027,0.005091,-0.000010,-0.000005,0.000007
0.005036,0.000027,0.005024,-0.000009,-0.000005,0.000006
0.004967,0.000026,0.004954,-0.000009,-0.000005,0.000006
0.004895,0.000026,0.004883,-0.000009,-0.000005,0.000005
0.004822,0.000026,0.004810,-0.000009,-0.000005,0.000005
0.004748,0.000025,0.004736,-0.000009,-0.000005,0.000005
0.004672,0.000024,0.004660,-0.000009,-0.000005,0.000004
0.004595,0.000024,0.004583,-0.000009,-0.000005,0.000004
0.004516,0.000023,0.004505,-0.000009,-0.000004,0.000004
0.004436,0.000022,0.004426,-0.000009,-0.000004,0.000004
0.004355,0.000021,0.004345,-0.000009,-0.000004,0.000004
0.004273,0.000020,0.004264,-0.000009,-0.000004,0.000004
0.004190,0.000019,0.004181,-0.000009,-0.000004,0.000004
0.004106,0.000018,0.004098,-0.000009,-0.000004,0.000004
0.004021,0.000017,0.004013,-0.000009,-0.000003,0.000004
0.003935,0.000016,0.003928,-0.000009,-0.000003,0.000004
0.003849,0.000015,0.003843,-0.000009,-0.000003,0.000004
0.003762,0.000014,0.003757,-0.000009,-0.000003,0.000004
0.003675,0.000012,0.003670,-0.000009,-0.000002,0.000004
0.003587,0.000011,0.003583,-0.000009,-0.000002,0.000004
0.003499,0.000010,0.003496,-0.000009,-0.000002,0.000004
0.003411,0.000009,0.003408,-0.000009,-0.000002,0.000004
0.003322,0.000008,0.003320,-0.000010,-0.000001,0.000005
0.003233,0.000006,0.003232,-0.000010,-0.000001,0.000005
0.003145,0.000005,0.003145,-0.000010,-0.000001,0.000005
0.003056,0.000004,0.003056,-0.000010,-0.000001,0.000005
0.002967,0.000003,0.002968,-0.000010,-0.000000,0.000006
0.002879,0.000001,0.002881,-0.000010,-0.000000,0.000006
0.002791,0.000000,0.002793,-0.000010,0.000000,0.000006
0.002703,-0.000001,0.002706,-0.000010,0.000000,0.000006
0.002615,-0.000002,0.002619,-0.000010,0.000001,0.000007
0.002528,-0.000003,0.002533,-0.000010,0.000001,0.000007
0.002441,-0.000004,0.002446,-0.000010,0.000001,0.000007
0.002355,-0.000005,0.002361,-0.000010,0.000001,0.000007
0.002269,-0.000006,0.002276,-0.000010,0.000001,0.000008
0.002184,-0.000007,0.002191,-0.000010,0.000002,0.000008
0.002100,-0.000008,0.002107,-0.000010,0.000002,0.000008
0.002016,-0.000009,0.002023,-0.000010,0.000002,0.000008
0.001932,-0.000010,0.001941,-0.000010,0.000002,0.000009
0.001850,-0.000010,0.001859,-0.000010,0.000002,0.000009
0.001768,-0.000011,0.001777,-0.000010,0.000003,0.000009
0.001687,-0.000012,0.001696,-0.000010,0.000003,0.000009
0.001606,-0.000012,0.001616,-0.000010,0.000003,0.000009
0.001527,-0.000013,0.001537,-0.000010,0.000003,0.000009
0.001448,-0.000013,0.001458,-0.000010,0.000003,0.000009
0.001370,-0.000014,0.001380,-0.000009,0.000003,0.000009
0.001292,-0.000014,0.001303,-0.000009,0.000003,0.000009
0.001216,-0.000014,0.001227,-0.000009,0.000003,0.000009
0.001140,-0.000014,0.001151,-0.000009,0.000003,0.000009
0.001065,-0.000015,0.001076,-0.000008,0.000003,0.000009
0.000991,-0.000015,0.001002,-0.000008,0.000003,0.000009
0.000917,-0.000015,0.000928,-0.000008,0.000003,0.000009
0.000844,-0.000015,0.000855,-0.000008,0.000003,0.000009
0.000772,-0.000015,0.000783,-0.000007,0.000003,0.000009
0.000701,-0.000015,0.000711,-0.000007,0.000003,0.000009
0.000630,-0.000015,0.000640,-0.000007,0.000003,0.000009
0.000560,-0.000014,0.000570,-0.000006,0.000003,0.000008
0.000490,-0.000014,0.000500,-0.000006,0.000003,0.000008
0.000421,-0.000014,0.000431,-0.000005,0.000003,0.000008
0.000352,-0.000013,0.000362,-0.000005,0.000003,0.000008
0.000284,-0.000013,0.000294,-0.000005,0.000003,0.000007
0.000217,-0.000013,0.000226,-0.000004,0.000003,0.000007
0.000150,-0.000012,0.000158,-0.000004,0.000003,0.000007
0.000083,-0.000012,0.000091,-0.000003,0.000002,0.000006
0.000017,-0.000011,0.000024,-0.000003,0.000002,0.000006
-0.000049,-0.000011,-0.000042,-0.000002,0.000002,0.000005
-0.000115,-0.000010,-0.000108,-0.000002,0.000002,0.000005
-0.000180,-0.000009,-0.000174,-0.000001,0.000002,0.000004
-0.000246,-0.000009,-0.000240,-0.000001,0.000002,0.000004
-0.000311,-0.000008,-0.000306,-0.000000,0.000001,0.000003
-0.000376,-0.000008,-0.000371,0.000000,0.000001,0.000003
-0.000440,-0.000007,-0.000437,0.000001,0.000001,0.000002
-0.000505,-0.000006,-0.000502,0.000001,0.000001,0.000002
-0.000570,-0.000006,-0.000567,0.000002,0.000001,0.000001
-0.000635,-0.000005,-0.000632,0.000002,0.000000,0.000001
-0.000699,-0.000004,-0.000698,0.000003,0.000000,0.000000
-0.000764,-0.000004,-0.000764,0.000003,-0.000000,-0.000000
-0.000829,-0.000003,-0.000829,0.000004,-0.000000,-0.000001
-0.000894,-0.000002,-0.000894,0.000004,-0.000000,-0.000001
-0.000959,-0.000002,-0.000959,0.000005,-0.000001,-0.000002
-0.001024,-0.000001,-0.001026,0.000005,-0.000001,-0.000003
-0.001090,-0.000000,-0.001092,0.000006,-0.000001,-0.000003
-0.001156,0.000000,-0.001158,0.000006,-0.000001,-0.000004
-0.001221,0.000001,-0.001224,0.000006,-0.000001,-0.000004
-0.001288,0.000002,-0.001291,0.000007,-0.000002,-0.000005
-0.001354,0.000002,-0.001358,0.000007,-0.000002,-0.000005
-0.001421,0.000003,-0.001425,0.000008,-0.000002,-0.000006
-0.001488,0.000003,-0.001493,0.000008,-0.000002,-0.000007
-0.001556,0.000004,-0.001561,0.000009,-0.000002,-0.000007
-0.001623,0.000004,-0.001629,0.000009,-0.000003,-0.000008
-0.001692,0.000005,-0.001698,0.000009,-0.000003,-0.000008
-0.001760,0.000005,-0.001767,0.000010,-0.000003,-0.000009
-0.001829,0.000005,-0.001836,0.000010,-0.000003,-0.000009
-0.001898,0.000006,-0.001905,0.000011,-0.000003,-0.000010
-0.001968,0.000006,-0.001975,0.000011,-0.000003,-0.000010
-0.002038,0.000006,-0.002045,0.000011,-0.000003,-0.000011
-0.002108,0.000007,-0.002116,0.000012,-0.000004,-0.000011
-0.002178,0.000007,-0.002186,0.000012,-0.000004,-0.000012
-0.002249,0.000007,-0.002257,0.000012,-0.000004,-0.000012
-0.002320,0.000007,-0.002329,0.000013,-0.000004,-0.000013
-0.002392,0.000008,-0.002400,0.000013,-0.000004,-0.000013
-0.002464,0.000008,-0.002472,0.000013,-0.000004,-0.000013
-0.002536,0.000008,-0.002544,0.000013,-0.000004,-0.000014
-0.002608,0.000008,-0.002616,0.000014,-0.000004,-0.000014
-0.002681,0.000008,-0.002689,0.000014,-0.000004,-0.000015
-0.002753,0.000008,-0.002762,0.000014,-0.000004,-0.000015
-0.002826,0.000008,-0.002834,0.000014,-0.000004,-0.000015
-0.002899,0.000008,-0.002907,0.000015,-0.000004,-0.000016
-0.002973,0.000008,-0.002981,0.000015,-0.000004,-0.000016
-0.003046,0.000008,-0.003054,0.000015,-0.000004,-0.000016
-0.003119,0.000008,-0.003127,0.000015,-0.000004,-0.000016
-0.003193,0.000007,-0.003200,0.000015,-0.000004,-0.000017
-0.003266,0.000007,-0.003273,0.000015,-0.000004,-0.000017
-0.003340,0.000007,-0.003347,0.000016,-0.000004,-0.000017
-0.003413,0.000007,-0.003420,0.000016,-0.000003,-0.000017
-0.003487,0.000007,-0.003493,0.000016,-0.000003,-0.000017
-0.003560,0.000006,-0.003566,0.000016,-0.000003,-0.000018
-0.003633,0.000006,-0.003639,0.000016,-0.000003,-0.000018
-0.003706,0.000006,-0.003711,0.000016,-0.000003,-0.000018
-0.003779,0.000005,-0.003784,0.000016,-0.000003,-0.000018
-0.003851,0.000005,-0.003856,0.000016,-0.000003,-0.000018
-0.003924,0.000005,-0.003928,0.000017,-0.000003,-0.000018
-0.003996,0.000004,-0.004000,0.000017,-0.000002,-0.000018
-0.004067,0.000004,-0.004071,0.000017,-0.000002,-0.000018
-0.004139,0.000004,-0.004142,0.000017,-0.000002,-0.000019
-0.004210,0.000003,-0.004212,0.000017,-0.000002,-0.000019
-0.004280,0.000003,-0.004282,0.000017,-0.000002,-0.000019
-0.004350,0.000003,-0.004352,0.000017,-0.000002,-0.000019
-0.004420,0.000002,-0.004421,0.000017,-0.000001,-0.000019
-0.004489,0.000002,-0.004489,0.000017,-0.000001,-0.000019
-0.004557,0.000002,-0.004557,0.000017,-0.000001,-0.000019
-0.004625,0.000001,-0.004625,0.000017,-0.000001,-0.000019
-0.004692,0.000001,-0.004692,0.000017,-0.000001,-0.000019
-0.004759,0.000001,-0.004759,0.000017,-0.000001,-0.000019
-0.004825,0.000000,-0.004823,0.000017,-0.000000,-0.000019
-0.004890,-0.000000,-0.004888,0.000017,-0.000000,-0.000019
-0.004955,-0.000000,-0.004953,0.000017,-0.000000,-0.000019
-0.005018,-0.000001,-0.005016,0.000018,0.000000,-0.000019
-0.005081,-0.000001,-0.005079,0.000018,0.000000,-0.000019
-0.005144,-0.000001,-0.005141,0.000018,0.000000,-0.000019
-0.005205,-0.000002,-0.005202,0.000018,0.000001,-0.000019
-0.005266,-0.000002,-0.005262,0.000018,0.000001,-0.000019
-0.005326,-0.000002,-0.005322,0.000018,0.000001,-0.000018
-0.005385,-0.000002,-0.005381,0.000018,0.000001,-0.000018
-0.005443,-0.000003,-0.005438,0.000018,0.000001,-0.000018
-0.005500,-0.000003,-0.005496,0.000018,0.000001,-0.000018
-0.005557,-0.000003,-0.005552,0.000018,0.000001,-0.000018
-0.005612,-0.000003,-0.005607,0.000018,0.000001,-0.000018
-0.005667,-0.000003,-0.005661,0.000018,0.000002,-0.000018
-0.005720,-0.000003,-0.005715,0.000018,0.000002,-0.000018
-0.005773,-0.000004,-0.005768,0.000018,0.000002,-0.000018
-0.005825,-0.000004,-0.005819,0.000018,0.000002,-0.000018
-0.005876,-0.000004,-0.005870,0.000018,0.000002,-0.000018
-0.005926,-0.000004,-0.005920,0.000018,0.000002,-0.000018
-0.005975,-0.000004,-0.005969,0.000018,0.000002,-0.000018
-0.006023,-0.000004,-0.006017,0.000018,0.000002,-0.000018
-0.006070,-0.000004,-0.006064,0.000018,0.000002,-0.000018
-0.006116,-0.000004,-0.006111,0.000018,0.000002,-0.000018
-0.006162,-0.000004,-0.006156,0.000018,0.000002,-0.000018
-0.006206,-0.000004,-0.006200,0.000018,0.000002,-0.000018
-0.006250,-0.000004,-0.006244,0.000018,0.000002,-0.000018
-0.006292,-0.000004,-0.006287,0.000018,0.000002,-0.000018
-0.006334,-0.000004,-0.006328,0.000018,0.000002,-0.000018
-0.006374,-0.000004,-0.006369,0.000018,0.000002,-0.000018
-0.006414,-0.000004,-0.006409,0.000018,0.000002,-0.000018
-0.006453,-0.000004,-0.006448,0.000018,0.000002,-0.000018
-0.006491,-0.000004,-0.006486,0.000018,0.000002,-0.000017
-0.006528,-0.000004,-0.006523,0.000018,0.000002,-0.000017
-0.006564,-0.000003,-0.006560,0.000018,0.000002,-0.000017
-0.006599,-0.000003,-0.006595,0.000018,0.000002,-0.000017
-0.006634,-0.000003,-0.006630,0.000018,0.000002,-0.000017
-0.006667,-0.000003,-0.006664,0.000018,0.000002,-0.000017
-0.006700,-0.000003,-0.006697,0.000018,0.000002,-0.000017
-0.006732,-0.000003,-0.006729,0.000018,0.000002,-0.000017
-0.006763,-0.000003,-0.006760,0.000018,0.000002,-0.000017
-0.006793,-0.000002,-0.006791,0.000018,0.000002,-0.000017
-0.006822,-0.000002,-0.006820,0.000018,0.000002,-0.000017
-0.006851,-0.000002,-0.006849,0.000018,0.000002,-0.000017
-0.006879,-0.000002,-0.006877,0.000018,0.000002,-0.000017
-0.006906,-0.000002,-0.006904,0.000018,0.000002,-0.000017
-0.006932,-0.000002,-0.006931,0.000018,0.000001,-0.000017
-0.006957,-0.000001,-0.006957,0.000018,0.000001,-0.000017
-0.006982,-0.000001,-0.006982,0.000018,0.000001,-0.000017
-0.007006,-0.000001,-0.007006,0.000018,0.000001,-0.000017
-0.007029,-0.000001,-0.007029,0.000018,0.000001,-0.000017
-0.007051,-0.000001,-0.007051,0.000017,0.000001,-0.000017
-0.007073,-0.000000,-0.007073,0.000017,0.000001,-0.000017
-0.007093,-0.000000,-0.007093,0.000017,0.000001,-0.000016
-0.007114,-0.000000,-0.007115,0.000017,0.000001,-0.000016
-0.007133,0.000000,-0.007134,0.000017,0.000001,-0.000016
-0.007151,0.000000,-0.007153,0.000017,0.000001,-0.000016
-0.007169,0.000000,-0.007171,0.000017,0.000001,-0.000016
-0.007186,0.000001,-0.007188,0.000017,0.000001,-0.000016
-0.007203,0.000001,-0.007205,0.000016,0.000000,-0.000016
-0.007218,0.000001,-0.007221,0.000016,0.000000,-0.000016
-0.007233,0.000001,-0.007236,0.000016,0.000000,-0.000016
-0.007247,0.000001,-0.007250,0.000016,0.000000,-0.000016
-0.007261,0.000001,-0.007263,0.000016,0.000000,-0.000015
-0.007273,0.000001,-0.007276,0.000016,0.000000,-0.000015
-0.007285,0.000002,-0.007288,0.000015,0.000000,-0.000015
-0.007296,0.000002,-0.007299,0.000015,0.000000,-0.000015
-0.007306,0.000002,-0.007310,0.000015,0.000000,-0.000015
-0.007316,0.000002,-0.007319,0.000015,-0.000000,-0.000015
-0.007324,0.000002,-0.007328,0.000015,-0.000000,-0.000015
-0.007332,0.000002,-0.007336,0.000014,-0.000000,-0.000014
-0.007340,0.000002,-0.007343,0.000014,-0.000000,-0.000014
-0.007346,0.000002,-0.007350,0.000014,-0.000000,-0.000014
-0.007351,0.000002,-0.007355,0.000014,-0.000000,-0.000014
-0.007356,0.000002,-0.007360,0.000014,-0.000000,-0.000014
-0.007360,0.000002,-0.007364,0.000013,-0.000000,-0.000014
-0.007363,0.000002,-0.007367,0.000013,-0.000000,-0.000013
-0.007365,0.000002,-0.007369,0.000013,-0.000000,-0.000013
-0.007366,0.000002,-0.007370,0.000013,-0.000000,-0.000013
-0.007366,0.000002,-0.007370,0.000012,-0.000000,-0.000013
-0.007366,0.000002,-0.007369,0.000012,-0.000000,-0.000013
-0.007364,0.000002,-0.007368,0.000012,-0.000000,-0.000012
-0.007362,0.000002,-0.007365,0.000012,-0.000000,-0.000012
-0.007359,0.000002,-0.007362,0.000011,-0.000000,-0.000012
-0.007354,0.000002,-0.007357,0.000011,-0.000000,-0.000012
-0.007349,0.000002,-0.007352,0.000011,-0.000000,-0.000012
-0.007342,0.000002,-0.007345,0.000011,-0.000000,-0.000011
-0.007335,0.000002,-0.007338,0.000011,-0.000000,-0.000011
-0.007327,0.000002,-0.007329,0.000010,-0.000000,-0.000011
-0.007317,0.000002,-0.007320,0.000010,-0.000000,-0.000011
-0.007307,0.000002,-0.007309,0.000010,-0.000000,-0.000010
-0.007295,0.000002,-0.007297,0.000010,-0.000000,-0.000010
-0.007283,0.000002,-0.007285,0.000009,0.000000,-0.000010
-0.007269,0.000001,-0.007271,0.000009,0.000000,-0.000010
-0.007254,0.000001,-0.007256,0.000009,0.000000,-0.000009
-0.007238,0.000001,-0.007239,0.000009,0.000000,-0.000009
-0.007221,0.000001,-0.007222,0.000008,0.000000,-0.000009
-0.007202,0.000001,-0.007203,0.000008,0.000000,-0.000009
-0.007183,0.000001,-0.007183,0.000008,0.000000,-0.000008
-0.007162,0.000001,-0.007162,0.000008,0.000000,-0.000008
-0.007140,0.000001,-0.007140,0.000007,0.000000,-0.000008
-0.007117,0.000001,-0.007117,0.000007,0.000000,-0.000008
-0.007092,0.000001,-0.007092,0.000007,0.000000,-0.000007
-0.007067,0.000000,-0.007067,0.000007,0.000000,-0.000007
-0.007040,0.000000,-0.007040,0.000006,0.000000,-0.000007
-0.007011,0.000000,-0.007011,0.000006,0.000001,-0.000007
-0.006982,0.000000,-0.006982,0.000006,0.000001,-0.000006
-0.006951,0.000000,-0.006951,0.000006,0.000001,-0.000006
-0.006918,-0.000000,-0.006918,0.000006,0.000001,-0.000006
-0.006885,-0.000000,-0.006885,0.000005,0.000001,-0.000006
-0.006850,-0.000000,-0.006849,0.000005,0.000001,-0.000005
-0.006814,-0.000000,-0.006812,0.000005,0.000001,-0.000005
-0.006776,-0.000000,-0.006775,0.000005,0.000001,-0.000005
-0.006737,-0.000000,-0.006735,0.000005,0.000001,-0.000005
-0.006696,-0.000001,-0.006695,0.000004,0.000001,-0.000005
-0.006654,-0.000001,-0.006653,0.000004,0.000001,-0.000004
-0.006611,-0.000001,-0.006609,0.000004,0.000001,-0.000004
-0.006566,-0.000001,-0.006564,0.000004,0.000001,-0.000004
-0.006520,-0.000001,-0.006518,0.000004,0.000001,-0.000004
-0.006472,-0.000001,-0.006470,0.000003,0.000001,-0.000003
-0.006423,-0.000001,-0.006421,0.000003,0.000001,-0.000003
-0.006373,-0.000001,-0.006370,0.000003,0.000001,-0.000003
-0.006321,-0.000001,-0.006318,0.000003,0.000001,-0.000003
-0.006267,-0.000001,-0.006265,0.000003,0.000001,-0.000003
-0.006212,-0.000001,-0.006210,0.000003,0.000001,-0.000002
-0.006156,-0.000001,-0.006153,0.000002,0.000001,-0.000002
-0.006098,-0.000001,-0.006095,0.000002,0.000001,-0.000002
-0.006038,-0.000001,-0.006036,0.000002,0.000001,-0.000002
-0.005977,-0.000001,-0.005975,0.000002,0.000001,-0.000002
-0.005915,-0.000001,-0.005912,0.000002,0.000001,-0.000002
-0.005851,-0.000001,-0.005848,0.000002,0.000001,-0.000001
-0.005785,-0.000001,-0.005783,0.000002,0.000001,-0.000001
-0.005718,-0.000001,-0.005716,0.000001,0.000001,-0.000001
-0.005650,-0.000001,-0.005647,0.000001,0.000001,-0.000001
-0.005580,-0.000001,-0.005577,0.000001,0.000001,-0.000001
-0.005508,-0.000001,-0.005506,0.000001,0.000001,-0.000001
-0.005435,-0.000001,-0.005433,0.000001,0.000001,-0.000001
-0.005360,-0.000001,-0.005358,0.000001,0.000001,-0.000000
-0.005284,-0.000001,-0.005282,0.000001,0.000001,-0.000000
-0.005206,-0.000001,-0.005204,0.000001,0.000001,-0.000000
-0.005127,-0.000001,-0.005125,0.000000,0.000001,-0.000000
-0.005046,-0.000001,-0.005045,0.000000,0.000001,-0.000000
-0.004964,-0.000001,-0.004962,0.000000,0.000001,0.000000
-0.004880,-0.000001,-0.004878,0.000000,0.000000,0.000000
-0.004794,-0.000001,-0.004793,0.000000,0.000000,0.000000
-0.004707,-0.000001,-0.004706,0.000000,0.000000,0.000000
-0.004619,-0.000001,-0.004618,-0.000000,0.000000,0.000000
-0.004529,-0.000001,-0.004528,-0.000000,0.000000,0.000000
-0.004437,-0.000001,-0.004437,-0.000000,0.000000,0.000001
-0.004344,-0.000001,-0.004344,-0.000000,0.000000,0.000001
-0.004249,-0.000001,-0.004249,-0.000000,0.000000,0.000001
-0.004153,-0.000001,-0.004153,-0.000000,0.000000,0.000001
-0.004055,-0.000000,-0.004055,-0.000000,0.000000,0.000001
-0.003955,-0.000000,-0.003955,-0.000000,0.000000,0.000001
-0.003854,-0.000000,-0.003854,-0.000001,0.000000,0.000001
-0.003752,-0.000000,-0.003752,-0.000001,0.000000,0.000001
-0.003648,-0.000000,-0.003648,-0.000001,-0.000000,0.000001
-0.003542,-0.000000,-0.003542,-0.000001,-0.000000,0.000001
-0.003435,-0.000000,-0.003435,-0.000001,-0.000000,0.000001
-0.003326,-0.000000,-0.003326,-0.000001,-0.000000,0.000001
-0.003215,-0.000000,-0.003215,-0.000001,-0.000000,0.000001
-0.003103,0.000000,-0.003103,-0.000001,-0.000000,0.000001
-0.002989,0.000000,-0.002989,-0.000001,-0.000000,0.000001
-0.002874,0.000000,-0.002874,-0.000001,-0.000000,0.000001
-0.002757,0.000000,-0.002757,-0.000001,-0.000000,0.000001
-0.002639,0.000000,-0.002639,-0.000001,-0.000000,0.000001
-0.002519,0.000000,-0.002519,-0.000001,-0.000000,0.000001
-0.002397,0.000000,-0.002397,-0.000001,-0.000000,0.000001
-0.002273,0.000000,-0.002273,-0.000001,-0.000000,0.000001
-0.002148,0.000000,-0.002148,-0.000001,-0.000000,0.000001
-0.002022,0.000000,-0.002023,-0.000001,-0.000000,0.000001
-0.001894,0.000000,-0.001895,-0.000001,-0.000000,0.000001
-0.001764,0.000001,-0.001765,-0.000001,-0.000000,0.000001
-0.001632,0.000001,-0.001633,-0.000001,-0.000000,0.000001
-0.001499,0.000001,-0.001500,-0.000001,-0.000000,0.000001
-0.001364,0.000001,-0.001365,-0.000001,-0.000000,0.000001
-0.001227,0.000001,-0.001229,-0.000001,-0.000000,0.000001
-0.001089,0.000001,-0.001091,-0.000001,-0.000000,0.000001
-0.000950,0.000001,-0.000951,-0.000001,-0.000000,0.000001
-0.000810,0.000001,-0.000811,-0.000001,-0.000000,0.000001
-0.000670,0.000001,-0.000671,-0.000001,-0.000000,0.000001
-0.000530,0.000001,-0.000531,-0.000001,-0.000000,0.000001
-0.000391,0.000001,-0.000393,-0.000001,-0.000000,0.000001
-0.000254,0.000001,-0.000255,-0.000001,-0.000000,0.000001
-0.000118,0.000001,-0.000120,-0.000001,-0.000000,0.000001
0.000015,0.000001,0.000014,-0.000001,-0.000000,0.000000
0.000146,0.000001,0.000144,-0.000001,-0.000000,0.000001
0.000273,0.000001,0.000272,-0.000001,-0.000000,0.000001
0.000397,0.000001,0.000396,-0.000001,-0.000000,0.000001
0.000517,0.000001,0.000516,-0.000001,-0.000000,0.000001
0.000633,0.000001,0.000632,-0.000001,-0.000000,0.000001
0.000744,0.000001,0.000743,-0.000002,-0.000000,0.000001
0.000850,0.000001,0.000849,-0.000002,-0.000000,0.000002
0.000952,0.000001,0.000950,-0.000002,-0.000000,0.000002
0.001047,0.000001,0.001046,-0.000003,-0.000000,0.000002
0.001137,0.000001,0.001136,-0.000004,-0.000000,0.000003
0.001221,0.000001,0.001220,-0.000005,-0.000000,0.000004
0.001299,0.000001,0.001299,-0.000006,-0.000000,0.000005
0.001371,0.000001,0.001371,-0.000007,-0.000000,0.000006
0.001436,0.000000,0.001436,-0.000008,-0.000000,0.000007
0.001495,0.000000,0.001495,-0.000010,-0.000000,0.000008
0.001548,0.000000,0.001548,-0.000011,-0.000000,0.000010
0.001593,0.000000,0.001593,-0.000013,0.000000,0.000011
0.001632,0.000000,0.001632,-0.000015,0.000000,0.000013
0.001665,0.000000,0.001665,-0.000017,0.000000,0.000015
0.001691,0.000000,0.001691,-0.000019,0.000000,0.000017
0.001710,0.000000,0.001710,-0.000021,0.000000,0.000019
0.001722,0.000000,0.001722,-0.000023,0.000001,0.000021
0.001728,0.000000,0.001728,-0.000025,0.000001,0.000023
0.001728,0.000000,0.001728,-0.000027,0.000001,0.000025
0.001722,0.000000,0.001722,-0.000029,0.000001,0.000027
0.001709,0.000000,0.001709,-0.000031,0.000001,0.000029
0.001691,0.000000,0.001691,-0.000033,0.000001,0.000031
0.001667,0.000000,0.001667,-0.000034,0.000002,0.000033
0.001637,-0.000000,0.001637,-0.000036,0.000002,0.000035
0.001603,-0.000000,0.001603,-0.000037,0.000002,0.000036
0.001563,-0.000000,0.001563,-0.000038,0.000002,0.000037
0.001518,-0.000000,0.001518,-0.000038,0.000002,0.000038
0.001468,-0.000000,0.001468,-0.000038,0.000003,0.000039
0.001415,-0.000000,0.001415,-0.000038,0.000003,0.000039
0.001357,-0.000000,0.001357,-0.000038,0.000003,0.000040
0.001296,-0.000000,0.001296,-0.000038,0.000003,0.000039
0.001231,-0.000000,0.001231,-0.000037,0.000004,0.000039
0.001163,-0.000000,0.001163,-0.000035,0.000004,0.000038
0.001092,-0.000000,0.001092,-0.000034,0.000004,0.000037
0.001019,-0.000000,0.001019,-0.000032,0.000004,0.000036
0.000943,-0.000000,0.000943,-0.000031,0.000004,0.000035
0.000866,-0.000000,0.000866,-0.000029,0.000005,0.000033
0.000787,-0.000000,0.000787,-0.000026,0.000005,0.000031
0.000706,-0.000000,0.000706,-0.000024,0.000005,0.000029
0.000625,-0.000000,0.000625,-0.000022,0.000005,0.000027
0.000543,-0.000000,0.000543,-0.000019,0.000005,0.000025
0.000461,-0.000000,0.000461,-0.000016,0.000005,0.000022
0.000379,-0.000000,0.000379,-0.000014,0.000005,0.000020
0.000297,-0.000000,0.000297,-0.000011,0.000005,0.000017
0.000216,-0.000000,0.000216,-0.000008,0.000005,0.000014
0.000136,-0.000000,0.000136,-0.000005,0.000005,0.000012
0.000056,-0.000000,0.000056,-0.000002,0.000005,0.000009
-0.000022,-0.000000,-0.000022,0.000000,0.000005,0.000006
-0.000098,-0.000000,-0.000098,0.000003,0.000005,0.000003
-0.000172,-0.000000,-0.000172,0.000006,0.000005,0.000000
-0.000245,-0.000000,-0.000245,0.000009,0.000005,-0.000003
-0.000315,-0.000000,-0.000315,0.000012,0.000004,-0.000005
-0.000382,-0.000000,-0.000382,0.000014,0.000004,-0.000008
-0.000447,-0.000000,-0.000447,0.000017,0.000004,-0.000011
-0.000509,-0.000000,-0.000509,0.000019,0.000004,-0.000014
-0.000568,-0.000000,-0.000568,0.000022,0.000003,-0.000016
-0.000623,-0.000000,-0.000623,0.000024,0.000003,-0.000019
-0.000675,-0.000000,-0.000675,0.000027,0.000003,-0.000022
-0.000724,-0.000000,-0.000723,0.000029,0.000002,-0.000024
-0.000769,-0.000000,-0.000768,0.000031,0.000002,-0.000027
-0.000811,-0.000000,-0.000810,0.000033,0.000002,-0.000029
-0.000848,-0.000000,-0.000847,0.000035,0.000001,-0.000031
-0.000882,-0.000000,-0.000881,0.000036,0.000001,-0.000033
-0.000912,-0.000000,-0.000911,0.000038,0.000000,-0.000035
-0.000938,-0.000000,-0.000937,0.000039,-0.000000,-0.000037
-0.000961,-0.000000,-0.000960,0.000041,-0.000001,-0.000039
-0.000979,-0.000000,-0.000978,0.000042,-0.000001,-0.000040
-0.000993,-0.000000,-0.000992,0.000043,-0.000002,-0.000042
-0.001004,-0.000000,-0.001004,0.000043,-0.000002,-0.000043
-0.001011,-0.000000,-0.001011,0.000044,-0.000002,-0.000044
-0.001014,-0.000000,-0.001014,0.000045,-0.000003,-0.000045
-0.001013,-0.000000,-0.001013,0.000045,-0.000003,-0.000046
-0.001009,-0.000000,-0.001009,0.000045,-0.000004,-0.000047
-0.001001,-0.000000,-0.001001,0.000045,-0.000004,-0.000047
-0.000990,-0.000000,-0.000990,0.000045,-0.000004,-0.000047
-0.000975,-0.000000,-0.000975,0.000045,-0.000005,-0.000048
-0.000957,0.000000,-0.000957,0.000044,-0.000005,-0.000048
-0.000936,0.000000,-0.000936,0.000044,-0.000005,-0.000047
-0.000912,0.000000,-0.000912,0.000043,-0.000006,-0.000047
-0.000885,0.000000,-0.000885,0.000042,-0.000006,-0.000047
-0.000856,0.000000,-0.000856,0.000041,-0.000006,-0.000046
-0.000824,0.000000,-0.000824,0.000040,-0.000006,-0.000045
-0.000790,0.000000,-0.000790,0.000039,-0.000007,-0.000044
-0.000754,0.000000,-0.000754,0.000037,-0.000007,-0.000043
-0.000715,0.000000,-0.000715,0.000036,-0.000007,-0.000042
-0.000675,0.000000,-0.000675,0.000034,-0.000007,-0.000041
-0.000633,0.000000,-0.000633,0.000033,-0.000007,-0.000039
-0.000590,0.000000,-0.000590,0.000031,-0.000007,-0.000037
-0.000546,0.000000,-0.000545,0.000029,-0.000007,-0.000036
-0.000500,0.000000,-0.000500,0.000027,-0.000007,-0.000034
-0.000454,0.000000,-0.000454,0.000025,-0.000007,-0.000032
-0.000406,0.000000,-0.000406,0.000023,-0.000007,-0.000030
-0.000359,0.000000,-0.000359,0.000021,-0.000007,-0.000028
-0.000311,0.000000,-0.000311,0.000019,-0.000007,-0.000026
-0.000263,0.000000,-0.000263,0.000017,-0.000007,-0.000024
-0.000214,0.000000,-0.000214,0.000015,-0.000007,-0.000022
-0.000166,0.000000,-0.000166,0.000013,-0.000006,-0.000020
-0.000119,0.000000,-0.000119,0.000011,-0.000006,-0.000017
-0.000072,0.000000,-0.000072,0.000009,-0.000006,-0.000015
-0.000025,0.000000,-0.000025,0.000006,-0.000006,-0.000013
0.000020,0.000000,0.000020,0.000004,-0.000006,-0.000011
0.000065,0.000000,0.000065,0.000002,-0.000005,-0.000008
0.000108,0.000000,0.000108,0.000000,-0.000005,-0.000006
0.000150,0.000000,0.000150,-0.000002,-0.000005,-0.000004
0.000191,0.000000,0.000191,-0.000004,-0.000004,-0.000002
0.000231,0.000000,0.000231,-0.000006,-0.000004,0.000000
0.000268,0.000000,0.000268,-0.000007,-0.000004,0.000003
0.000304,0.000000,0.000304,-0.000009,-0.000003,0.000005
0.000338,0.000000,0.000338,-0.000011,-0.000003,0.000007
0.000371,0.000000,0.000371,-0.000013,-0.000003,0.000009
0.000401,0.000000,0.000401,-0.000014,-0.000002,0.000010
0.000429,0.000000,0.000429,-0.000016,-0.000002,0.000012
0.000455,0.000000,0.000455,-0.000017,-0.000002,0.000014
0.000479,0.000000,0.000479,-0.000018,-0.000001,0.000015
0.000501,0.000000,0.000501,-0.000020,-0.000001,0.000017
0.000520,0.000000,0.000520,-0.000021,-0.000001,0.000018
0.000538,0.000000,0.000538,-0.000022,-0.000000,0.000020
0.000553,0.000000,0.000553,-0.000023,-0.000000,0.000021
0.000565,0.000000,0.000565,-0.000023,0.000000,0.000022
0.000576,0.000000,0.000576,-0.000024,0.000000,0.000023
0.000584,0.000000,0.000584,-0.000025,0.000001,0.000024
0.000590,0.000000,0.000590,-0.000025,0.000001,0.000025
0.000593,0.000000,0.000593,-0.000026,0.000001,0.000026
0.000595,0.000000,0.000595,-0.000026,0.000002,0.000026
0.000594,0.000000,0.000594,-0.000026,0.000002,0.000027
0.000591,0.000000,0.000591,-0.000026,0.000002,0.000027
0.000586,0.000000,0.000586,-0.000026,0.000002,0.000028
0.000579,0.000000,0.000579,-0.000026,0.000003,0.000028
0.000570,0.000000,0.000570,-0.000026,0.000003,0.000028
0.000559,-0.000000,0.000559,-0.000026,0.000003,0.000028
0.000547,-0.000000,0.000547,-0.000026,0.000003,0.000028
0.000532,-0.000000,0.000532,-0.000025,0.000003,0.000028
0.000517,-0.000000,0.000517,-0.000025,0.000004,0.000027
0.000499,-0.000000,0.000499,-0.000024,0.000004,0.000027
0.000480,-0.000000,0.000480,-0.000023,0.000004,0.000026
0.000460,-0.000000,0.000460,-0.000023,0.000004,0.000026
0.000438,-0.000000,0.000438,-0.000022,0.000004,0.000025
0.000416,-0.000000,0.000416,-0.000021,0.000004,0.000024
0.000392,-0.000000,0.000392,-0.000020,0.000004,0.000024
0.000367,-0.000000,0.000367,-0.000019,0.000004,0.000023
0.000342,-0.000000,0.000342,-0.000018,0.000004,0.000022
0.000316,-0.000000,0.000316,-0.000017,0.000004,0.000021
0.000289,-0.000000,0.000289,-0.000016,0.000004,0.000020
0.000261,-0.000000,0.000261,-0.000015,0.000004,0.000019
0.000234,-0.000000,0.000234,-0.000013,0.000004,0.000018
0.000206,-0.000000,0.000206,-0.000012,0.000004,0.000016
0.000178,-0.000000,0.000178,-0.000011,0.000004,0.000015
0.000149,-0.000000,0.000149,-0.000010,0.000004,0.000014
0.000121,-0.000000,0.000121,-0.000009,0.000004,0.000013
0.000093,-0.000000,0.000093,-0.000007,0.000004,0.000011
0.000065,-0.000000,0.000065,-0.000006,0.000004,0.000010
0.000038,-0.000000,0.000038,-0.000005,0.000004,0.000009
0.000010,-0.000000,0.000010,-0.000004,0.000003,0.000007
-0.000016,-0.000000,-0.000016,-0.000002,0.000003,0.000006
-0.000042,-0.000000,-0.000042,-0.000001,0.000003,0.000005
-0.000068,-0.000000,-0.000068,0.000000,0.000003,0.000003
-0.000092,-0.000000,-0.000092,0.000001,0.000003,0.000002
-0.000116,-0.000000,-0.000116,0.000002,0.000003,0.000001
-0.000139,-0.000000,-0.000139,0.000003,0.000002,-0.000000
-0.000161,-0.000000,-0.000161,0.000005,0.000002,-0.000002
-0.000182,-0.000000,-0.000182,0.000006,0.000002,-0.000003
-0.000202,-0.000000,-0.000202,0.000007,0.000002,-0.000004
-0.000220,-0.000000,-0.000220,0.000007,0.000002,-0.000005
-0.000238,-0.000000,-0.000238,0.000008,0.000002,-0.000006
-0.000254,-0.000000,-0.000254,0.000009,0.000001,-0.000007
-0.000269,-0.000000,-0.000269,0.000010,0.000001,-0.000008
-0.000283,-0.000000,-0.000283,0.000011,0.000001,-0.000009
-0.000296,-0.000000,-0.000296,0.000011,0.000001,-0.000009
-0.000307,-0.000000,-0.000307,0.000012,0.000001,-0.000010
-0.000317,-0.000000,-0.000317,0.000012,0.000001,-0.000011
-0.000325,-0.000000,-0.000325,0.000013,0.000001,-0.000011
-0.000333,-0.000000,-0.000333,0.000013,0.000000,-0.000012
-0.000338,-0.000000,-0.000338,0.000013,0.000000,-0.000012
-0.000343,-0.000000,-0.000343,0.000013,0.000000,-0.000012
-0.000346,-0.000000,-0.000346,0.000013,0.000000,-0.000012
-0.000348,-0.000000,-0.000348,0.000013,0.000000,-0.000012
-0.000349,-0.000000,-0.000349,0.000013,0.000000,-0.000012
-0.000348,-0.000000,-0.000348,0.000013,0.000000,-0.000012
-0.000346,-0.000000,-0.000346,0.000013,0.000000,-0.000012
-0.000343,-0.000000,-0.000343,0.000012,0.000000,-0.000012
-0.000339,-0.000000,-0.000339,0.000012,0.000000,-0.000011
-0.000333,-0.000000,-0.000333,0.000012,0.000000,-0.000011
-0.000327,0.000000,-0.000327,0.000011,0.000001,-0.000010
-0.000319,0.000000,-0.000319,0.000010,0.000001,-0.000009
-0.000311,0.000000,-0.000311,0.000010,0.000001,-0.000009
-0.000301,0.000000,-0.000301,0.000009,0.000001,-0.000008
-0.000291,0.000000,-0.000291,0.000008,0.000001,-0.000007
-0.000280,0.000000,-0.000280,0.000007,0.000001,-0.000006
-0.000268,0.000000,-0.000268,0.000006,0.000001,-0.000005
-0.000255,0.000000,-0.000255,0.000006,0.000001,-0.000004
-0.000241,0.000000,-0.000241,0.000005,0.000002,-0.000003
-0.000227,0.000000,-0.000227,0.000003,0.000002,-0.000002
-0.000213,0.000000,-0.000213,0.000002,0.000002,-0.000001
-0.000198,0.000000,-0.000198,0.000001,0.000002,0.000000
-0.000182,0.000000,-0.000182,0.000000,0.000002,0.000002
-0.000167,0.000000,-0.000167,-0.000001,0.000002,0.000003
-0.000151,0.000000,-0.000151,-0.000002,0.000003,0.000004
-0.000134,0.000000,-0.000134,-0.000003,0.000003,0.000005
-0.000118,0.000000,-0.000118,-0.000005,0.000003,0.000007
-0.000101,0.000000,-0.000101,-0.000006,0.000003,0.000008
-0.000085,0.000000,-0.000085,-0.000007,0.000003,0.000009
-0.000068,0.000000,-0.000068,-0.000009,0.000003,0.000011
-0.000052,0.000000,-0.000052,-0.000010,0.000003,0.000012
-0.000036,0.000000,-0.000036,-0.000011,0.000003,0.000013
-0.000019,0.000000,-0.000019,-0.000013,0.000003,0.000014
-0.000004,0.000000,-0.000004,-0.000014,0.000003,0.000016
0.000012,0.000000,0.000012,-0.000015,0.000003,0.000017
0.000027,0.000000,0.000027,-0.000017,0.000003,0.000018
0.000042,0.000000,0.000042,-0.000018,0.000003,0.000020
0.000056,0.000000,0.000056,-0.000020,0.000003,0.000021
0.000070,0.000000,0.000070,-0.000021,0.000002,0.000022
0.000084,0.000000,0.000084,-0.000022,0.000002,0.000023
0.000096,0.000000,0.000096,-0.000024,0.000002,0.000024
0.000109,0.000000,0.000109,-0.000025,0.000002,0.000026
0.000120,0.000000,0.000120,-0.000026,0.000002,0.000026
0.000131,0.000000,0.000131,-0.000027,0.000001,0.000027
0.000141,0.000000,0.000141,-0.000028,0.000001,0.000028
0.000151,0.000000,0.000151,-0.000029,0.000001,0.000028
0.000159,0.000000,0.000159,-0.000030,0.000000,0.000029
0.000167,0.000000,0.000167,-0.000030,-0.000000,0.000029
0.000175,0.000000,0.000175,-0.000031,-0.000000,0.000029
0.000181,0.000000,0.000181,-0.000031,-0.000001,0.000028
0.000187,0.000000,0.000187,-0.000031,-0.000001,0.000028
0.000192,0.000000,0.000192,-0.000030,-0.000001,0.000027
0.000196,0.000000,0.000196,-0.000029,-0.000002,0.000026
0.000199,0.000000,0.000199,-0.000029,-0.000002,0.000025
0.000202,0.000000,0.000202,-0.000027,-0.000002,0.000023
0.000203,0.000000,0.000203,-0.000026,-0.000003,0.000022
0.000204,0.000000,0.000204,-0.000025,-0.000003,0.000020
0.000204,0.000000,0.000204,-0.000023,-0.000003,0.000018
0.000204,0.000000,0.000204,-0.000021,-0.000004,0.000015
0.000203,0.000000,0.000203,-0.000019,-0.000004,0.000013
0.000201,0.000000,0.000201,-0.000016,-0.000004,0.000011
0.000198,0.000000,0.000198,-0.000014,-0.000005,0.000008
0.000195,-0.000000,0.000195,-0.000011,-0.000005,0.000005
0.000191,-0.000000,0.000191,-0.000009,-0.000005,0.000003
0.000186,-0.000000,0.000186,-0.000006,-0.000005,-0.000000
0.000181,-0.000000,0.000181,-0.000003,-0.000005,-0.000003
0.000176,-0.000000,0.000176,-0.000001,-0.000006,-0.000006
0.000170,-0.000000,0.000170,0.000002,-0.000006,-0.000008
0.000163,-0.000000,0.000163,0.000005,-0.000006,-0.000011
0.000156,-0.000000,0.000156,0.000008,-0.000006,-0.000013
0.000148,-0.000000,0.000148,0.000010,-0.000006,-0.000016
0.000140,-0.000000,0.000140,0.000013,-0.000006,-0.000018
0.000132,-0.000000,0.000132,0.000015,-0.000006,-0.000021
0.000123,-0.000000,0.000123,0.000017,-0.000006,-0.000023
0.000115,-0.000000,0.000115,0.000020,-0.000006,-0.000025
0.000106,-0.000000,0.000106,0.000022,-0.000006,-0.000027
